escenario,division_a,division_b,estilo_a,estilo_b,semilla,coincide_con_fotogramas,recepciones,toques_largos,dificultad_media,demora_sobre_cadencia,demora_media_ticks,goles,goles_local,goles_visitante,tiros,posesion_pct,pases,perdidas,pases_intentados,faltas,penales,offsides,amarillas,rojas,ticks,resistencia_final_pct,mitades_cortadas,fotogramas,controlada_pct,pelota_parada_pct,posesiones,duracion_posesion_seg,recuperaciones_altas,separacion_lineas_m,recorrido_total_m,ms_sin_fotogramas,ms_con_fotogramas
D1 parejo,1,1,Tiki taka,Juego directo,77100,true,46.0,3.0,0.24565771329071,0.97235023041475,4.90697674418605,0.0,0.0,0.0,5.0,51.2141280353201,40.0,15.0,55.0,4.0,1.0,0.0,1.0,0.0,960.0,93.0212541306389,0.0,960.0,54.3689320388349,14.1666666666667,27.0,4.14814814814815,5.0,39.5792669333229,20401.6746282006,450.08,504.927
D1 parejo,1,1,Tiki taka,Juego directo,77113,true,42.0,4.0,0.25762557448448,1.0,5.13157894736842,0.0,0.0,0.0,9.0,50.4405286343612,40.0,17.0,52.0,1.0,0.0,0.0,0.0,0.0,965.0,92.8671120457538,0.0,965.0,51.3083048919226,8.9119170984456,35.0,3.22142857142857,8.0,41.0198300904408,21971.1928631936,436.082,479.968
D1 parejo,1,1,Tiki taka,Juego directo,77126,true,51.0,3.0,0.241447985339,0.97590361445783,5.0625,2.0,1.0,1.0,10.0,52.5700934579439,49.0,16.0,59.0,2.0,0.0,0.0,1.0,0.0,971.0,93.1824899743514,0.0,971.0,52.3985239852399,16.2718846549948,30.0,3.55,7.0,40.8841329105607,20833.0131278316,424.018,476.153
D1 parejo,1,1,Tiki taka,Juego directo,77139,true,44.0,3.0,0.25921255128842,0.97716894977169,5.21951219512195,0.0,0.0,0.0,9.0,46.119733924612,43.0,14.0,53.0,3.0,0.0,0.0,2.0,0.0,975.0,91.942334596652,0.0,975.0,55.5555555555556,17.8461538461538,35.0,3.17857142857143,8.0,36.6535366826136,20183.5193322092,431.937,464.894
D1 parejo,1,1,Tiki taka,Juego directo,77152,true,44.0,2.0,0.23835472371837,0.97674418604651,5.0,3.0,2.0,1.0,11.0,48.7951807228916,42.0,21.0,50.0,2.0,0.0,0.0,1.0,0.0,989.0,92.0400740022105,0.0,989.0,59.1885441527446,15.267947421638,35.0,3.54285714285714,7.0,35.8735919322785,21196.1410744331,448.74,490.356
D1 parejo,1,1,Tiki taka,Juego directo,77165,true,42.0,1.0,0.21274868227832,0.93298969072165,4.41463414634146,4.0,2.0,2.0,12.0,47.9381443298969,38.0,17.0,50.0,2.0,0.0,0.0,1.0,0.0,971.0,92.8712864354604,0.0,971.0,51.1348464619493,22.8630278063852,31.0,3.08870967741936,8.0,37.798954067768,19286.4538226363,396.749,437.779
D1 parejo,1,1,Tiki taka,Juego directo,77178,true,44.0,0.0,0.21710116043057,0.9478672985782,4.54545454545455,2.0,0.0,2.0,10.0,49.5475113122172,39.0,13.0,52.0,2.0,0.0,0.0,1.0,0.0,974.0,93.319638754533,0.0,974.0,52.3866348448687,13.9630390143737,34.0,3.22794117647059,6.0,36.7273579677065,21445.8988177638,451.07,482.885
D1 parejo,1,1,Tiki taka,Juego directo,77191,true,60.0,1.0,0.23103711415841,0.94890510948905,4.40677966101695,3.0,3.0,0.0,11.0,63.5658914728682,59.0,8.0,69.0,1.0,0.0,1.0,1.0,0.0,964.0,93.9334107485929,0.0,964.0,49.23273657289,18.8796680497925,20.0,4.8125,1.0,40.5936968623076,19064.0392028429,429.62,462.053
D1 parejo,1,1,Tiki taka,Juego directo,77204,true,46.0,0.0,0.23619818757996,0.97457627118644,5.0,2.0,2.0,0.0,8.0,47.0023980815348,41.0,20.0,58.0,4.0,0.0,0.0,1.0,1.0,987.0,93.307563391148,0.0,987.0,51.693851944793,19.2502532928065,37.0,2.78378378378378,9.0,38.7770793061043,19525.039680822,420.65,522.978
D1 parejo,1,1,Tiki taka,Juego directo,77217,true,54.0,2.0,0.23660041119055,0.96124031007752,4.76923076923077,2.0,2.0,0.0,9.0,58.1858407079646,47.0,17.0,67.0,1.0,0.0,0.0,0.0,0.0,1002.0,92.3922993902242,0.0,1002.0,55.0122249388753,18.3632734530938,31.0,3.62903225806452,8.0,38.9020618992613,18945.5050872199,431.438,480.681
D1 parejo,1,1,Tiki taka,Juego directo,77230,true,50.0,5.0,0.23204715542523,0.93220338983051,4.88888888888889,2.0,2.0,0.0,6.0,56.8134171907757,45.0,18.0,55.0,2.0,0.0,0.0,1.0,0.0,970.0,92.3291033351106,0.0,970.0,56.3463819691578,13.0927835051546,31.0,3.83064516129032,7.0,41.7367593604738,20332.6833687757,437.786,477.479
D1 parejo,1,1,Tiki taka,Juego directo,77243,true,41.0,2.0,0.26388312293724,0.98453608247423,4.8974358974359,0.0,0.0,0.0,9.0,50.383631713555,40.0,12.0,52.0,5.0,0.0,0.0,3.0,1.0,1019.0,93.1490235907879,0.0,1019.0,49.236641221374,22.8655544651619,25.0,3.87,5.0,37.6715462750224,18904.7875429586,407.161,448.43
D1 parejo,1,1,Presion alta,Contragolpe,77100,true,39.0,7.0,0.25003045647183,1.0,5.5,0.0,0.0,0.0,7.0,60.6451612903226,32.0,18.0,44.0,5.0,0.0,0.0,1.0,0.0,1001.0,92.4097312704459,0.0,1001.0,56.3882063882064,18.6813186813187,32.0,3.5859375,7.0,43.5095773307099,18363.5462792702,424.332,464.511
D1 parejo,1,1,Presion alta,Contragolpe,77113,true,38.0,4.0,0.25923119108436,1.0,5.91176470588235,2.0,1.0,1.0,3.0,52.2012578616352,29.0,28.0,43.0,4.0,1.0,0.0,4.0,0.0,965.0,93.3117214551656,0.0,965.0,58.7577639751553,16.580310880829,43.0,2.75,14.0,41.4599464656708,19730.4957091901,422.514,469.441
D1 parejo,1,1,Presion alta,Contragolpe,77126,true,42.0,3.0,0.25815195464949,1.01809954751131,5.76923076923077,3.0,2.0,1.0,9.0,55.8312655086849,38.0,14.0,49.0,2.0,0.0,0.0,1.0,0.0,969.0,93.402454018327,0.0,969.0,49.2004920049201,16.0990712074303,27.0,3.7037037037037,6.0,41.1333084443633,20667.7759194471,425.452,470.0
D1 parejo,1,1,Presion alta,Contragolpe,77139,true,41.0,0.0,0.31119282657052,1.07053941908714,6.29268292682927,1.0,0.0,1.0,8.0,51.5400410677618,34.0,26.0,52.0,1.0,0.0,0.0,0.0,0.0,972.0,91.0492092111039,0.0,972.0,56.0185185185185,11.1111111111111,41.0,2.95121951219512,8.0,37.8017111815558,21483.6845576002,462.54,490.818
D1 parejo,1,1,Presion alta,Contragolpe,77152,true,34.0,0.0,0.26055777765592,1.00961538461538,6.17647058823529,0.0,0.0,0.0,5.0,54.7916666666667,32.0,25.0,49.0,3.0,0.0,0.0,3.0,0.0,960.0,92.9430835093792,0.0,960.0,55.7377049180328,11.0416666666667,37.0,3.21621621621622,4.0,38.4434727167296,22140.2776557926,445.572,491.149
D1 parejo,1,1,Presion alta,Contragolpe,77165,true,34.0,1.0,0.25055441232316,0.99428571428571,5.27272727272727,2.0,0.0,2.0,4.0,50.6493506493507,28.0,21.0,44.0,3.0,1.0,0.0,0.0,0.0,966.0,92.550875116483,0.0,966.0,56.0049019607843,15.527950310559,34.0,3.36029411764706,7.0,38.993027351697,20258.2614193197,449.058,472.826
D1 parejo,1,1,Presion alta,Contragolpe,77178,true,41.0,1.0,0.25129570901152,1.00921658986175,5.475,0.0,0.0,0.0,7.0,51.5011547344111,38.0,12.0,51.0,3.0,0.0,0.0,1.0,0.0,960.0,93.363166444146,0.0,960.0,53.7313432835821,16.25,28.0,3.85714285714286,2.0,39.2113031525047,20690.4524817944,437.779,460.489
D1 parejo,1,1,Presion alta,Contragolpe,77191,true,49.0,3.0,0.28011058014784,1.02904564315353,5.39130434782609,4.0,3.0,1.0,8.0,57.177033492823,43.0,14.0,55.0,0.0,0.0,0.0,0.0,0.0,973.0,92.7790534333549,0.0,973.0,50.9135200974421,15.6217882836588,26.0,4.01923076923077,6.0,41.8974119976959,21002.8531488617,421.58,459.639
D1 parejo,1,1,Presion alta,Contragolpe,77204,true,42.0,5.0,0.27743733238388,1.02790697674419,5.97297297297297,0.0,0.0,0.0,5.0,51.3833992094862,35.0,28.0,50.0,3.0,0.0,0.0,2.0,1.0,988.0,92.3358543930357,0.0,988.0,58.9411764705882,13.9676113360324,41.0,3.05487804878049,9.0,40.5238270906512,20623.0756389565,426.589,475.529
D1 parejo,1,1,Presion alta,Contragolpe,77217,true,44.0,1.0,0.26242736876553,1.02008032128514,5.90697674418605,3.0,3.0,0.0,9.0,57.8088578088578,42.0,10.0,48.0,5.0,0.0,0.0,1.0,0.0,995.0,92.4253524276697,0.0,995.0,56.2666666666667,24.6231155778894,25.0,4.22,3.0,40.4471903477965,18375.1917531697,414.142,475.288
D1 parejo,1,1,Presion alta,Contragolpe,77230,true,33.0,0.0,0.25112576298109,1.00505050505051,6.03030303030303,2.0,2.0,0.0,9.0,59.8540145985401,31.0,12.0,38.0,5.0,1.0,0.0,1.0,0.0,963.0,92.4077089784753,0.0,963.0,55.0684931506849,24.1952232606438,27.0,3.72222222222222,5.0,43.8406565891965,18070.6333400626,395.914,419.694
D1 parejo,1,1,Presion alta,Contragolpe,77243,true,42.0,3.0,0.25437432562768,1.0,5.82051282051282,1.0,0.0,1.0,11.0,47.9591836734694,39.0,6.0,50.0,3.0,0.0,0.0,0.0,0.0,967.0,93.1417440097629,0.0,967.0,51.0443864229765,20.7859358841779,24.0,4.07291666666667,2.0,39.2566916777356,18991.0107171102,411.416,438.06
D1 favorito,1,4,Tiki taka,Juego directo,77100,true,36.0,2.0,0.24561778956192,0.99435028248588,5.17647058823529,6.0,6.0,0.0,14.0,60.9498680738786,36.0,18.0,47.0,5.0,0.0,0.0,2.0,0.0,963.0,92.0740981568032,0.0,963.0,58.4876543209877,32.7102803738318,27.0,3.50925925925926,8.0,39.7799969189675,15979.2649174531,356.714,387.793
D1 favorito,1,4,Tiki taka,Juego directo,77113,true,47.0,4.0,0.23500408446743,0.96759259259259,4.86046511627907,4.0,4.0,0.0,10.0,53.393665158371,44.0,19.0,52.0,2.0,0.0,0.0,2.0,0.0,960.0,90.9849695815088,0.0,960.0,58.2781456953642,21.3541666666667,31.0,3.54838709677419,6.0,40.8009281741252,17968.0065880828,403.554,434.26
D1 favorito,1,4,Tiki taka,Juego directo,77126,true,53.0,4.0,0.22303244988799,0.94901960784314,4.93877551020408,3.0,3.0,0.0,8.0,52.3809523809524,48.0,25.0,66.0,1.0,0.0,0.0,0.0,0.0,968.0,91.073179719137,0.0,968.0,57.4519230769231,14.0495867768595,40.0,2.9875,9.0,40.9987264206864,19629.6444206752,461.433,480.821
D1 favorito,1,4,Tiki taka,Juego directo,77139,true,50.0,4.0,0.27122509755944,1.0042735042735,5.10869565217391,2.0,2.0,0.0,5.0,57.4324324324324,46.0,20.0,57.0,3.0,0.0,0.0,2.0,0.0,1012.0,90.0872879485498,0.0,1012.0,54.5341614906832,20.4545454545455,33.0,3.32575757575758,5.0,35.8128259853547,18259.0830178442,440.239,480.911
D1 favorito,1,4,Tiki taka,Juego directo,77152,true,46.0,0.0,0.23987881647726,0.97424892703863,4.93478260869565,2.0,2.0,0.0,9.0,52.0987654320988,45.0,17.0,58.0,2.0,0.0,1.0,2.0,0.0,964.0,92.9619383406514,0.0,964.0,54.7814207650273,24.0663900414938,34.0,2.94852941176471,9.0,37.3021647830185,17901.5991591287,395.79,425.25
D1 favorito,1,4,Tiki taka,Juego directo,77165,true,55.0,1.0,0.22782080315224,0.99583333333333,4.42592592592593,5.0,4.0,1.0,7.0,58.7443946188341,49.0,20.0,68.0,2.0,0.0,1.0,1.0,0.0,960.0,91.6480588136773,0.0,960.0,59.0185676392573,21.4583333333333,34.0,3.27205882352941,6.0,37.3914251657363,17753.4185206668,432.901,458.686
D1 favorito,1,4,Tiki taka,Juego directo,77178,true,51.0,2.0,0.20545756937427,0.94520547945205,4.22448979591837,6.0,6.0,0.0,9.0,71.6253443526171,49.0,9.0,61.0,4.0,0.0,0.0,3.0,0.0,963.0,93.4657225463659,0.0,963.0,54.2424242424242,31.4641744548287,23.0,3.89130434782609,5.0,38.1863450568353,16302.7144131956,370.801,412.05
D1 favorito,1,4,Tiki taka,Juego directo,77191,true,48.0,2.0,0.23079499575668,0.99521531100478,4.52173913043478,6.0,6.0,0.0,10.0,67.5392670157068,47.0,10.0,60.0,1.0,0.0,0.0,1.0,0.0,972.0,92.1718890226562,0.0,972.0,52.3351648351648,25.1028806584362,24.0,3.96875,4.0,40.1592855636317,17336.9255555327,397.132,434.148
D1 favorito,1,4,Tiki taka,Juego directo,77204,true,46.0,0.0,0.18970868639797,0.95,4.95652173913043,6.0,6.0,0.0,11.0,58.7223587223587,45.0,15.0,56.0,1.0,0.0,0.0,1.0,0.0,960.0,91.8049971637264,0.0,960.0,54.5945945945946,22.9166666666667,32.0,3.15625,6.0,38.6113847741953,17812.1228751272,409.599,446.918
D1 favorito,1,4,Tiki taka,Juego directo,77217,true,63.0,4.0,0.24696564669267,1.00371747211896,4.57627118644068,6.0,6.0,0.0,10.0,65.6179775280899,61.0,12.0,69.0,2.0,0.0,0.0,1.0,0.0,964.0,91.2121145351767,0.0,964.0,57.8878748370274,20.4356846473029,27.0,4.11111111111111,3.0,38.6848306539113,17813.2222338503,417.898,462.814
D1 favorito,1,4,Tiki taka,Juego directo,77230,true,42.0,2.0,0.23550239025349,0.9811320754717,5.2,4.0,4.0,0.0,7.0,58.5241730279898,35.0,22.0,46.0,3.0,1.0,1.0,1.0,0.0,965.0,91.63423223823,0.0,965.0,55.2367288378766,27.7720207253886,34.0,2.83088235294118,8.0,41.6120129995609,16228.6912627776,393.959,418.549
D1 favorito,1,4,Tiki taka,Juego directo,77243,true,49.0,4.0,0.25578828658537,1.01951219512195,4.64444444444444,4.0,4.0,0.0,13.0,66.3316582914573,47.0,16.0,64.0,3.0,0.0,0.0,2.0,0.0,970.0,91.088535089862,0.0,970.0,53.7940379403794,23.9175257731959,24.0,4.13541666666667,8.0,39.2423725590752,17826.6044557156,405.814,437.606
D1 favorito,1,4,Presion alta,Contragolpe,77100,true,34.0,5.0,0.25049006976747,0.98830409356725,5.82758620689655,8.0,8.0,0.0,11.0,60.4591836734694,30.0,20.0,44.0,2.0,0.0,0.0,0.0,0.0,960.0,90.7490809065642,0.0,960.0,55.4131054131054,26.875,28.0,3.47321428571429,6.0,40.4885177857472,16843.020248983,369.573,407.498
D1 favorito,1,4,Presion alta,Contragolpe,77113,true,39.0,1.0,0.24826134176085,1.00913242009132,5.81578947368421,3.0,3.0,0.0,10.0,52.5641025641026,35.0,18.0,45.0,4.0,0.0,0.0,2.0,1.0,978.0,91.6185625464626,0.0,978.0,60.2864583333333,21.4723926380368,33.0,3.50757575757576,7.0,39.4266119973599,17717.5359431099,388.322,427.219
D1 favorito,1,4,Presion alta,Contragolpe,77126,true,31.0,1.0,0.21289023898138,0.97849462365591,6.06666666666667,5.0,5.0,0.0,9.0,49.867374005305,31.0,14.0,39.0,5.0,0.0,0.0,1.0,0.0,961.0,91.7055228903689,0.0,961.0,56.3552833078101,32.0499479708637,25.0,3.68,6.0,42.2017955276575,15848.4958320186,354.565,390.67
D1 favorito,1,4,Presion alta,Contragolpe,77139,true,41.0,2.0,0.27946343743559,1.0219298245614,5.97435897435897,4.0,4.0,0.0,11.0,55.5555555555556,38.0,17.0,49.0,2.0,0.0,0.0,2.0,1.0,983.0,90.2334386621047,0.0,983.0,58.1890812250333,23.6012207527976,29.0,3.76724137931034,5.0,35.422364470453,17199.6123427986,416.889,440.781
D1 favorito,1,4,Presion alta,Contragolpe,77152,true,32.0,1.0,0.26599250276932,1.04918032786885,6.19354838709677,4.0,4.0,0.0,8.0,58.4295612009238,26.0,25.0,39.0,5.0,0.0,0.0,3.0,0.0,960.0,90.8475866571976,0.0,960.0,61.3505747126437,27.5,39.0,2.73717948717949,10.0,35.266169476445,17869.7256280327,398.468,427.01
D1 favorito,1,4,Presion alta,Contragolpe,77165,true,40.0,2.0,0.25222131401085,0.99512195121951,5.36842105263158,3.0,3.0,0.0,13.0,55.0588235294118,37.0,17.0,53.0,0.0,0.0,1.0,0.0,0.0,1019.0,91.1241977980468,0.0,1019.0,52.4163568773234,20.8047105004907,35.0,3.02142857142857,10.0,38.4041850752674,19126.581170559,424.963,467.253
D1 favorito,1,4,Presion alta,Contragolpe,77178,true,26.0,0.0,0.21022632885206,0.96376811594203,5.11538461538462,4.0,4.0,0.0,11.0,65.7894736842105,24.0,11.0,38.0,4.0,0.0,0.0,3.0,1.0,980.0,91.8732688047477,0.0,980.0,57.5418994413408,26.9387755102041,23.0,4.47826086956522,5.0,38.9754382576854,16227.6778757081,395.05,424.031
D1 favorito,1,4,Presion alta,Contragolpe,77191,true,43.0,0.0,0.27344272161537,1.01673640167364,5.65116279069767,5.0,5.0,0.0,9.0,52.4154589371981,40.0,16.0,48.0,3.0,0.0,0.0,1.0,0.0,960.0,91.1075852073573,0.0,960.0,56.7493112947658,24.375,29.0,3.55172413793103,6.0,41.1895112193349,17115.5444220525,392.691,429.075
D1 favorito,1,4,Presion alta,Contragolpe,77204,true,40.0,2.0,0.24829250167961,1.00434782608696,6.07894736842105,4.0,4.0,0.0,11.0,61.5730337078652,38.0,17.0,47.0,4.0,0.0,0.0,2.0,1.0,998.0,90.9269570296161,0.0,998.0,59.7297297297297,25.8517034068136,32.0,3.453125,10.0,38.795902033807,17007.7662318224,387.341,424.25
D1 favorito,1,4,Presion alta,Contragolpe,77217,true,32.0,2.0,0.26221833586747,0.99444444444444,5.96666666666667,7.0,7.0,0.0,8.0,64.8275862068966,28.0,16.0,39.0,3.0,0.0,0.0,1.0,0.0,1015.0,90.4085253951219,0.0,1015.0,62.3906705539359,32.4137931034483,31.0,3.45161290322581,5.0,37.8005204597831,16126.7845141507,380.745,424.752
D1 favorito,1,4,Presion alta,Contragolpe,77230,true,31.0,2.0,0.23350832644597,0.97175141242938,5.93103448275862,4.0,4.0,0.0,9.0,58.3720930232558,27.0,14.0,38.0,3.0,0.0,0.0,2.0,0.0,960.0,91.5152753608065,0.0,960.0,57.027027027027,22.9166666666667,33.0,3.1969696969697,8.0,42.2770193160757,17136.9886865196,393.459,423.284
D1 favorito,1,4,Presion alta,Contragolpe,77243,true,31.0,1.0,0.25837776102676,1.01754385964912,5.8,3.0,3.0,0.0,12.0,64.0625,25.0,24.0,46.0,4.0,0.0,0.0,0.0,0.0,1047.0,90.2026923206271,0.0,1047.0,58.0392156862745,26.9340974212034,35.0,3.17142857142857,10.0,41.714101521371,17976.2515374112,416.974,459.526
D1 tapado,4,1,Tiki taka,Juego directo,77100,true,48.0,0.0,0.22942706218415,0.94514767932489,4.66666666666667,2.0,2.0,0.0,8.0,53.2530120481928,40.0,18.0,54.0,3.0,0.0,0.0,2.0,0.0,987.0,91.6699286027504,0.0,987.0,49.7578692493947,16.3120567375887,37.0,2.77702702702703,7.0,42.1034882451019,19647.8017100697,422.651,471.359
D1 tapado,4,1,Tiki taka,Juego directo,77113,true,39.0,2.0,0.22176203473664,1.00555555555556,4.89189189189189,5.0,0.0,5.0,9.0,41.1764705882353,36.0,18.0,48.0,4.0,1.0,0.0,2.0,0.0,967.0,91.5867779164099,0.0,967.0,55.5236728837877,27.9214064115822,33.0,2.93181818181818,8.0,39.4929139077785,16816.9775264239,382.358,408.47
D1 tapado,4,1,Tiki taka,Juego directo,77126,true,46.0,2.0,0.22910454089572,0.98230088495575,5.04545454545455,2.0,0.0,2.0,5.0,43.9814814814815,43.0,19.0,58.0,2.0,0.0,0.0,1.0,0.0,960.0,91.7664745741739,0.0,960.0,52.4630541871921,15.4166666666667,32.0,3.328125,4.0,40.8070824047979,19871.7185501234,424.63,477.778
D1 tapado,4,1,Tiki taka,Juego directo,77139,true,43.0,1.0,0.25957998297144,1.04807692307692,5.19047619047619,1.0,0.0,1.0,8.0,51.5695067264574,37.0,22.0,55.0,2.0,0.0,0.0,1.0,0.0,964.0,91.4500635905026,0.0,964.0,54.1564792176039,15.1452282157676,34.0,3.25735294117647,7.0,37.8171469024835,19277.4590875028,431.862,469.311
D1 tapado,4,1,Tiki taka,Juego directo,77152,true,42.0,2.0,0.24618546301186,0.99487179487179,4.85,1.0,0.0,1.0,6.0,49.2170022371365,37.0,20.0,54.0,1.0,0.0,0.0,1.0,0.0,971.0,92.0156157150746,0.0,971.0,52.0420070011669,11.740473738414,35.0,3.18571428571429,5.0,36.5398241028925,21417.6227405078,454.03,483.253
D1 tapado,4,1,Tiki taka,Juego directo,77165,true,40.0,1.0,0.20523421630613,0.97814207650273,4.58974358974359,5.0,0.0,5.0,11.0,45.1282051282051,34.0,19.0,52.0,3.0,0.0,0.0,1.0,0.0,967.0,92.6190357166443,0.0,967.0,52.2147651006711,22.9576008273009,37.0,2.62837837837838,11.0,38.3048712570019,17819.9033839158,404.587,442.027
D1 tapado,4,1,Tiki taka,Juego directo,77178,true,44.0,0.0,0.20857071205518,0.96279069767442,4.70454545454545,4.0,0.0,4.0,7.0,50.1234567901235,41.0,15.0,53.0,5.0,0.0,0.0,3.0,1.0,1005.0,92.3607208780657,0.0,1005.0,52.0208604954368,23.681592039801,32.0,3.1171875,3.0,37.1957949268489,18296.8571052637,418.043,456.585
D1 tapado,4,1,Tiki taka,Juego directo,77191,true,44.0,2.0,0.26941438934284,0.98578199052133,4.95238095238095,2.0,1.0,1.0,4.0,52.8344671201814,41.0,16.0,56.0,0.0,0.0,0.0,0.0,0.0,960.0,91.5115026086789,0.0,960.0,50.9345794392523,10.8333333333333,31.0,3.51612903225806,6.0,41.1347802824167,21043.150417523,436.414,468.457
D1 tapado,4,1,Tiki taka,Juego directo,77204,true,47.0,5.0,0.25168585888136,1.0047619047619,5.02380952380952,5.0,1.0,4.0,8.0,43.0260047281324,37.0,23.0,57.0,2.0,1.0,0.0,1.0,0.0,1018.0,91.9167061738379,0.0,1018.0,54.9019607843137,24.852652259332,37.0,2.83783783783784,8.0,37.5003795578041,17173.78739231,440.86,498.653
D1 tapado,4,1,Tiki taka,Juego directo,77217,true,47.0,5.0,0.24251230021289,1.01923076923077,5.04761904761905,2.0,0.0,2.0,6.0,42.3611111111111,42.0,15.0,56.0,2.0,0.0,0.0,1.0,0.0,960.0,92.1575129951222,0.0,960.0,54.8346055979644,18.125,26.0,4.14423076923077,5.0,40.3312699265588,18886.6227900529,403.201,455.489
D1 tapado,4,1,Tiki taka,Juego directo,77230,true,37.0,4.0,0.19589813373958,1.01818181818182,5.09090909090909,4.0,0.0,4.0,10.0,49.2647058823529,35.0,16.0,45.0,0.0,0.0,0.0,0.0,0.0,960.0,91.2472829553853,0.0,960.0,53.1413612565445,20.4166666666667,32.0,3.171875,5.0,42.8157853520471,18027.7834328632,403.778,452.986
D1 tapado,4,1,Tiki taka,Juego directo,77243,true,38.0,0.0,0.25009923773448,0.95698924731183,4.68421052631579,4.0,0.0,4.0,13.0,36.6666666666667,34.0,13.0,55.0,3.0,1.0,0.0,1.0,0.0,985.0,91.9681551285386,0.0,985.0,52.9411764705882,30.9644670050761,26.0,3.46153846153846,4.0,35.2324056866199,16324.4688169323,383.876,428.995
D1 tapado,4,1,Presion alta,Contragolpe,77100,true,32.0,2.0,0.26236596557132,1.00595238095238,5.63333333333333,2.0,0.0,2.0,7.0,45.353982300885,26.0,22.0,42.0,2.0,0.0,0.0,0.0,0.0,963.0,90.8214434682136,0.0,963.0,55.7907845579078,16.6147455867082,43.0,2.6046511627907,9.0,40.0899313938423,19515.9088132539,414.181,458.641
D1 tapado,4,1,Presion alta,Contragolpe,77113,true,37.0,2.0,0.25374246657388,0.99014778325123,5.74285714285714,5.0,0.0,5.0,7.0,43.8095238095238,36.0,16.0,46.0,4.0,0.0,0.0,2.0,1.0,989.0,92.0939066270899,0.0,989.0,56.1827956989247,24.7724974721941,29.0,3.60344827586207,4.0,38.1395695791041,17492.6966171677,383.293,422.502
D1 tapado,4,1,Presion alta,Contragolpe,77126,true,38.0,4.0,0.23678431484834,0.98039215686275,5.88235294117647,4.0,0.0,4.0,8.0,45.0261780104712,38.0,16.0,46.0,3.0,0.0,0.0,1.0,0.0,967.0,91.7970727459052,0.0,967.0,52.1438450899032,25.2326783867632,25.0,3.77,3.0,41.7072842716973,17465.9825824567,392.171,442.647
D1 tapado,4,1,Presion alta,Contragolpe,77139,true,37.0,5.0,0.28417844932822,1.01587301587302,6.0,1.0,0.0,1.0,8.0,51.7094017094017,35.0,22.0,43.0,2.0,0.0,0.0,1.0,0.0,969.0,90.2708927453546,0.0,969.0,57.639751552795,16.9246646026832,37.0,3.13513513513514,10.0,37.2633646899264,19720.5837372954,427.737,472.406
D1 tapado,4,1,Presion alta,Contragolpe,77152,true,38.0,4.0,0.26174876574492,1.03763440860215,5.67647058823529,3.0,0.0,3.0,8.0,49.7619047619048,35.0,21.0,50.0,3.0,0.0,0.0,3.0,0.0,963.0,91.8116265170842,0.0,963.0,52.1847690387016,16.8224299065421,34.0,3.07352941176471,6.0,37.1637835550413,20218.4635434503,430.814,463.859
D1 tapado,4,1,Presion alta,Contragolpe,77165,true,41.0,3.0,0.22932788775296,0.96634615384615,5.28947368421053,5.0,0.0,5.0,8.0,46.0559796437659,34.0,19.0,51.0,2.0,0.0,0.0,1.0,0.0,967.0,92.2588041517173,0.0,967.0,51.9410977242303,22.7507755946225,33.0,2.93939393939394,7.0,38.3133015077244,17483.3161982331,400.255,444.422
D1 tapado,4,1,Presion alta,Contragolpe,77178,true,43.0,1.0,0.25108029139737,1.00847457627119,5.66666666666667,4.0,1.0,3.0,3.0,52.3364485981308,40.0,18.0,50.0,4.0,1.0,0.0,4.0,0.0,960.0,91.8456697893087,0.0,960.0,56.8548387096774,22.5,25.0,4.23,3.0,37.8116014876041,17671.5708080494,400.248,438.516
D1 tapado,4,1,Presion alta,Contragolpe,77191,true,41.0,4.0,0.28585093548066,1.01970443349754,5.59459459459459,4.0,0.0,4.0,9.0,51.7564402810304,37.0,21.0,54.0,2.0,0.0,0.0,1.0,0.0,970.0,91.4235347151404,0.0,970.0,51.2665862484922,14.5360824742268,35.0,3.03571428571429,11.0,40.3672955177403,20788.7151347206,437.231,474.316
D1 tapado,4,1,Presion alta,Contragolpe,77204,true,43.0,3.0,0.23403325178492,0.97881355932203,5.775,5.0,0.0,5.0,8.0,45.1820128479657,37.0,24.0,46.0,2.0,0.0,0.0,1.0,1.0,1025.0,89.9707191083154,0.0,1025.0,61.0817941952507,26.0487804878049,37.0,3.12837837837838,5.0,38.4855125171083,16561.0014954638,394.512,432.728
D1 tapado,4,1,Presion alta,Contragolpe,77217,true,38.0,3.0,0.27061562295909,1.01415094339623,6.14285714285714,1.0,0.0,1.0,8.0,53.3333333333333,36.0,19.0,45.0,2.0,1.0,0.0,0.0,0.0,1020.0,88.7479101163086,0.0,1020.0,58.3732057416268,18.0392156862745,36.0,3.38888888888889,11.0,41.4291772862243,17046.2094747184,435.126,481.483
D1 tapado,4,1,Presion alta,Contragolpe,77230,true,31.0,4.0,0.23128168714408,0.98787878787879,6.03703703703704,3.0,0.0,3.0,10.0,51.8421052631579,30.0,18.0,41.0,4.0,0.0,0.0,2.0,0.0,970.0,90.9539764496075,0.0,970.0,53.5612535612536,27.6288659793814,32.0,2.9375,7.0,43.963338098817,16634.8881139576,366.916,406.26
D1 tapado,4,1,Presion alta,Contragolpe,77243,true,35.0,1.0,0.22755562387343,0.94708994708995,5.26470588235294,6.0,0.0,6.0,8.0,37.7358490566038,35.0,10.0,42.0,4.0,1.0,0.0,2.0,0.0,1002.0,91.5972486042771,0.0,1002.0,54.0298507462687,33.1337325349301,25.0,3.62,0.0,36.6447024460999,16329.1374286803,370.611,416.457
D5 parejo,5,5,Tiki taka,Juego directo,77100,true,48.0,2.0,0.24167874038589,0.98712446351931,5.0,4.0,4.0,0.0,8.0,59.7189695550351,44.0,16.0,56.0,2.0,0.0,0.0,0.0,0.0,968.0,87.8318439089592,0.0,968.0,55.511811023622,21.2809917355372,25.0,4.23,6.0,40.6325889575578,17077.4209763755,390.772,430.745
D5 parejo,5,5,Tiki taka,Juego directo,77113,true,37.0,2.0,0.2328060359833,0.96132596685083,4.97142857142857,2.0,1.0,1.0,6.0,48.7980769230769,33.0,24.0,58.0,4.0,0.0,0.0,4.0,1.0,1020.0,90.0810955590368,0.0,1020.0,52.5575447570332,23.3333333333333,37.0,2.77702702702703,8.0,38.0696384346906,16972.3279301705,400.991,441.551
D5 parejo,5,5,Tiki taka,Juego directo,77126,true,42.0,3.0,0.21883113506949,0.98969072164948,4.92307692307692,4.0,2.0,2.0,6.0,46.6666666666667,40.0,24.0,56.0,3.0,0.0,0.0,1.0,0.0,992.0,89.4753193762947,0.0,992.0,52.6515151515151,20.1612903225806,38.0,2.74342105263158,5.0,41.0912201877246,17721.6659791376,423.604,461.825
D5 parejo,5,5,Tiki taka,Juego directo,77139,true,38.0,3.0,0.24783476576033,0.96296296296296,5.2,1.0,1.0,0.0,11.0,44.988864142539,37.0,21.0,50.0,2.0,0.0,0.0,1.0,0.0,1042.0,87.6130053934467,0.0,1042.0,55.2238805970149,22.8406909788868,35.0,3.17142857142857,10.0,34.9521072834713,16924.3207102697,431.076,477.376
D5 parejo,5,5,Tiki taka,Juego directo,77152,true,47.0,3.0,0.23107730649691,0.96759259259259,4.75,3.0,2.0,1.0,9.0,56.440281030445,42.0,24.0,60.0,3.0,2.0,0.0,2.0,0.0,964.0,90.467449709978,0.0,964.0,55.3524804177546,20.5394190871369,39.0,2.71794871794872,9.0,35.9564953457744,17495.1769050926,407.584,448.209
D5 parejo,5,5,Tiki taka,Juego directo,77165,true,46.0,2.0,0.22745816790335,0.96039603960396,4.40909090909091,2.0,1.0,1.0,10.0,45.8536585365854,45.0,18.0,62.0,2.0,0.0,0.0,1.0,0.0,999.0,89.3078170981982,0.0,999.0,50.625,19.9199199199199,32.0,3.1640625,9.0,38.781758948995,17314.0931557818,430.394,462.861
D5 parejo,5,5,Tiki taka,Juego directo,77178,true,46.0,3.0,0.24335033861046,0.97989949748744,4.53488372093023,2.0,1.0,1.0,7.0,57.9310344827586,42.0,19.0,59.0,4.0,0.0,0.0,3.0,1.0,1046.0,89.6291234439711,0.0,1046.0,51.9370460048426,21.0325047801147,31.0,3.45967741935484,5.0,37.7373538548018,17681.1463842137,445.306,483.931
D5 parejo,5,5,Tiki taka,Juego directo,77191,true,55.0,1.0,0.24209290388248,0.96577946768061,4.7037037037037,1.0,1.0,0.0,8.0,54.8387096774194,52.0,12.0,67.0,2.0,0.0,0.0,0.0,0.0,966.0,90.2495788775378,0.0,966.0,50.0624219725343,17.0807453416149,27.0,3.71296296296296,5.0,41.2455470542472,18634.1817165085,415.204,457.382
D5 parejo,5,5,Tiki taka,Juego directo,77204,true,55.0,2.0,0.21610590609584,0.96825396825397,4.60377358490566,2.0,2.0,0.0,9.0,55.4187192118227,53.0,12.0,62.0,2.0,0.0,0.0,1.0,0.0,1012.0,89.92792158606,0.0,1012.0,51.5964240102171,22.6284584980237,25.0,4.04,3.0,37.6743057622104,17625.4848552221,431.298,475.404
D5 parejo,5,5,Tiki taka,Juego directo,77217,true,51.0,4.0,0.23860623008802,0.95689655172414,4.72340425531915,4.0,3.0,1.0,6.0,57.8947368421053,46.0,18.0,60.0,1.0,0.0,1.0,0.0,0.0,1032.0,88.2933662206157,0.0,1032.0,58.2309582309582,21.1240310077519,33.0,3.59090909090909,6.0,37.6653134276862,16756.4013346347,440.438,481.535
D5 parejo,5,5,Tiki taka,Juego directo,77230,true,39.0,4.0,0.21814271037767,0.96132596685083,4.97142857142857,1.0,1.0,0.0,2.0,54.7252747252747,36.0,18.0,48.0,5.0,0.0,0.0,4.0,0.0,960.0,89.1476280484954,0.0,960.0,56.7258883248731,17.9166666666667,35.0,3.19285714285714,7.0,42.5281444148896,17197.517370006,427.285,442.642
D5 parejo,5,5,Tiki taka,Juego directo,77243,true,41.0,0.0,0.25050206141638,0.98623853211009,5.24390243902439,2.0,1.0,1.0,11.0,37.1273712737127,37.0,16.0,51.0,3.0,0.0,0.0,3.0,0.0,976.0,89.6033097004712,0.0,976.0,48.4126984126984,22.5409836065574,32.0,2.859375,9.0,37.8454429312916,16828.1985368267,392.078,436.044
D5 parejo,5,5,Presion alta,Contragolpe,77100,true,35.0,2.0,0.25227778967757,1.0,5.57575757575758,2.0,1.0,1.0,6.0,58.7155963302752,30.0,21.0,46.0,4.0,0.0,0.0,1.0,0.0,1014.0,88.1239372276174,0.0,1014.0,55.9167750325098,24.1617357001972,28.0,3.83928571428571,6.0,39.7697049570586,16349.3868980973,398.923,442.999
D5 parejo,5,5,Presion alta,Contragolpe,77113,true,33.0,2.0,0.26664225747202,0.99441340782123,5.74193548387097,3.0,1.0,2.0,7.0,50.0,31.0,23.0,42.0,3.0,0.0,0.0,3.0,0.0,978.0,87.51608792671,0.0,978.0,57.4307304785894,18.8139059304703,39.0,2.92307692307692,6.0,41.1067693709968,17269.7219595119,416.036,442.796
D5 parejo,5,5,Presion alta,Contragolpe,77126,true,39.0,3.0,0.24290187361366,0.99024390243902,5.63888888888889,3.0,2.0,1.0,5.0,62.1134020618557,37.0,13.0,46.0,3.0,1.0,0.0,0.0,0.0,1011.0,89.4676036479818,0.0,1011.0,51.4208389715832,26.9040553907023,26.0,3.65384615384615,5.0,41.9226767471485,15956.7123665759,392.244,430.83
D5 parejo,5,5,Presion alta,Contragolpe,77139,true,35.0,0.0,0.27124976591419,0.99509803921569,5.8,1.0,0.0,1.0,6.0,55.4474708171206,32.0,29.0,43.0,2.0,0.0,0.0,1.0,0.0,1001.0,87.0147972455303,0.0,1001.0,60.8383233532934,16.5834165834166,39.0,3.25641025641026,10.0,37.4753256640654,16364.4504749957,439.311,478.455
D5 parejo,5,5,Presion alta,Contragolpe,77152,true,37.0,4.0,0.27419669285269,1.01570680628272,5.87878787878788,4.0,3.0,1.0,6.0,56.7510548523207,34.0,26.0,51.0,1.0,0.0,0.0,0.0,0.0,970.0,88.0429330582056,0.0,970.0,59.4221105527638,17.9381443298969,38.0,3.11184210526316,10.0,35.907142006231,17930.6554674971,431.184,464.877
D5 parejo,5,5,Presion alta,Contragolpe,77165,true,37.0,3.0,0.25360716230646,0.98224852071006,4.88235294117647,4.0,3.0,1.0,9.0,56.9682151589242,33.0,19.0,49.0,4.0,1.0,0.0,0.0,0.0,966.0,89.6835788606293,0.0,966.0,54.5576407506702,22.7743271221532,35.0,2.90714285714286,7.0,37.8013557110632,16696.8272063055,412.012,477.035
D5 parejo,5,5,Presion alta,Contragolpe,77178,true,32.0,3.0,0.22273873655564,0.97452229299363,5.27586206896552,3.0,3.0,0.0,5.0,62.4691358024691,31.0,20.0,49.0,1.0,0.0,0.0,0.0,0.0,976.0,89.5535061265943,0.0,976.0,51.413881748072,20.2868852459016,32.0,3.125,9.0,38.2167471735521,17553.2977089646,432.16,454.774
D5 parejo,5,5,Presion alta,Contragolpe,77191,true,36.0,2.0,0.28336824365982,1.01081081081081,5.5,5.0,5.0,0.0,5.0,59.7938144329897,36.0,15.0,51.0,4.0,1.0,0.0,1.0,0.0,963.0,90.1357091004733,0.0,963.0,51.4705882352941,22.3260643821391,28.0,3.4375,5.0,41.4933738928981,17176.8209885058,401.185,429.354
D5 parejo,5,5,Presion alta,Contragolpe,77204,true,42.0,5.0,0.23364675478181,0.97560975609756,5.40540540540541,1.0,1.0,0.0,9.0,50.9569377990431,37.0,19.0,49.0,3.0,0.0,0.0,0.0,1.0,982.0,89.0082755142882,0.0,982.0,53.4974093264249,21.3849287169043,32.0,3.2265625,8.0,41.4572653838603,16165.756433462,385.869,430.294
D5 parejo,5,5,Presion alta,Contragolpe,77217,true,42.0,4.0,0.26313943884626,1.01376146788991,5.81578947368421,2.0,2.0,0.0,9.0,57.0230607966457,37.0,22.0,49.0,2.0,0.0,0.0,1.0,0.0,1019.0,88.4987446190923,0.0,1019.0,58.1395348837209,19.8233562315996,37.0,3.20945945945946,7.0,39.4216639223203,17703.3447572365,434.993,471.586
D5 parejo,5,5,Presion alta,Contragolpe,77230,true,35.0,0.0,0.25254990852627,0.99521531100478,5.94285714285714,1.0,1.0,0.0,6.0,51.3131313131313,29.0,22.0,41.0,5.0,0.0,0.0,3.0,1.0,993.0,87.3497259811017,0.0,993.0,61.0275689223058,19.6374622356495,39.0,3.12179487179487,11.0,44.4075313144376,15898.2753609256,415.287,444.816
D5 parejo,5,5,Presion alta,Contragolpe,77243,true,41.0,2.0,0.25781782383834,1.0,5.82051282051282,1.0,1.0,0.0,5.0,47.7611940298507,39.0,10.0,47.0,4.0,1.0,0.0,1.0,0.0,1053.0,87.2301723953304,0.0,1053.0,56.1811505507956,22.4121557454891,27.0,4.25,6.0,39.6157884968278,15114.7850472899,429.096,479.98
D5 favorito,5,8,Tiki taka,Juego directo,77100,true,57.0,5.0,0.23565036241013,0.98775510204082,4.65384615384615,4.0,4.0,0.0,7.0,56.2076749435666,47.0,30.0,61.0,2.0,0.0,0.0,0.0,0.0,1052.0,86.626072011556,0.0,1052.0,55.2763819095477,24.3346007604563,39.0,2.82051282051282,13.0,42.4498935099387,16260.1886001798,439.808,462.967
D5 favorito,5,8,Tiki taka,Juego directo,77113,true,43.0,2.0,0.2521537448209,0.97757847533632,5.31707317073171,2.0,2.0,0.0,8.0,49.3857493857494,41.0,22.0,54.0,3.0,0.0,0.0,1.0,0.0,965.0,88.5879195854074,0.0,965.0,53.671562082777,22.3834196891192,38.0,2.64473684210526,11.0,40.6922886184199,16551.6820104842,379.73,427.827
D5 favorito,5,8,Tiki taka,Juego directo,77126,true,44.0,3.0,0.21577335645547,0.94418604651163,4.95121951219512,3.0,3.0,0.0,9.0,55.6581986143187,43.0,20.0,57.0,3.0,0.0,0.0,2.0,0.0,1006.0,87.6155387353205,0.0,1006.0,56.282722513089,24.0556660039761,31.0,3.46774193548387,8.0,39.5177610402652,15843.2867315253,413.968,463.619
D5 favorito,5,8,Tiki taka,Juego directo,77139,true,45.0,1.0,0.23252696454111,0.98173515981735,4.88636363636364,3.0,3.0,0.0,9.0,49.5412844036697,42.0,25.0,59.0,4.0,0.0,1.0,2.0,1.0,1087.0,86.7370085604953,0.0,1087.0,59.3103448275862,33.3026678932843,36.0,2.98611111111111,10.0,35.6940142692868,13764.4820582368,427.384,467.837
D5 favorito,5,8,Tiki taka,Juego directo,77152,true,48.0,4.0,0.24383020917605,0.99103139013453,5.02272727272727,3.0,3.0,0.0,10.0,50.2293577981651,45.0,24.0,56.0,2.0,0.0,0.0,0.0,0.0,964.0,87.3465343188312,0.0,964.0,57.8666666666667,22.1991701244813,37.0,2.93243243243243,13.0,35.386338360275,16497.1477315932,408.302,445.435
D5 favorito,5,8,Tiki taka,Juego directo,77165,true,53.0,0.0,0.19748018827309,0.97033898305085,4.32075471698113,4.0,4.0,0.0,12.0,54.2797494780793,49.0,24.0,64.0,2.0,0.0,0.0,1.0,0.0,965.0,87.3224735966154,0.0,965.0,61.8677042801556,20.1036269430052,41.0,2.90853658536585,11.0,37.0012437342858,15510.9017376345,419.238,462.06
D5 favorito,5,8,Tiki taka,Juego directo,77178,true,37.0,3.0,0.19288874420495,0.93975903614458,4.58823529411765,5.0,5.0,0.0,9.0,65.2298850574713,35.0,14.0,50.0,6.0,0.0,0.0,3.0,0.0,966.0,89.8202502948167,0.0,966.0,54.140127388535,34.9896480331263,25.0,3.4,7.0,37.7683096742751,13590.4656258781,354.145,400.743
D5 favorito,5,8,Tiki taka,Juego directo,77191,true,58.0,1.0,0.24870155082161,1.00369003690037,4.7719298245614,2.0,2.0,0.0,11.0,52.7149321266968,53.0,21.0,66.0,1.0,0.0,0.0,0.0,0.0,1007.0,86.9495144303607,0.0,1007.0,53.0759951749095,17.6762661370407,36.0,3.05555555555556,13.0,41.9302833919018,17557.2007955852,460.583,493.482
D5 favorito,5,8,Tiki taka,Juego directo,77204,true,45.0,2.0,0.21755898649713,0.94063926940639,4.7906976744186,4.0,4.0,0.0,9.0,53.0092592592593,38.0,27.0,52.0,2.0,0.0,0.0,2.0,0.0,960.0,85.9853525851235,0.0,960.0,56.3324538258575,21.0416666666667,45.0,2.37222222222222,15.0,38.8562602190901,16099.6516658144,412.814,439.221
D5 favorito,5,8,Tiki taka,Juego directo,77217,true,44.0,5.0,0.20861937629573,0.96969696969697,4.92307692307692,7.0,7.0,0.0,11.0,68.6274509803922,42.0,18.0,52.0,5.0,0.0,1.0,2.0,0.0,1010.0,88.4300566626163,0.0,1010.0,64.5933014354067,37.9207920792079,27.0,3.75,4.0,37.4713207853429,12341.6876821209,386.462,408.579
D5 favorito,5,8,Tiki taka,Juego directo,77230,true,39.0,1.0,0.20777281653937,0.93577981651376,5.36842105263158,3.0,3.0,0.0,6.0,56.5217391304348,34.0,21.0,52.0,5.0,0.0,0.0,2.0,0.0,969.0,87.4869450130577,0.0,969.0,56.6063977746871,25.7997936016512,30.0,3.39166666666667,7.0,41.6098696027045,15503.9166913726,388.713,429.676
D5 favorito,5,8,Tiki taka,Juego directo,77243,true,45.0,1.0,0.22744292316563,0.97695852534562,4.81818181818182,3.0,3.0,0.0,6.0,61.3300492610837,43.0,15.0,55.0,7.0,0.0,0.0,5.0,0.0,1007.0,89.0703718406367,0.0,1007.0,58.0786026200873,31.7775571002979,25.0,3.99,6.0,38.656618779228,14446.021492637,391.773,431.37
D5 favorito,5,8,Presion alta,Contragolpe,77100,true,38.0,1.0,0.2378698163603,0.97297297297297,5.83783783783784,4.0,4.0,0.0,8.0,51.6129032258064,35.0,21.0,42.0,3.0,0.0,0.0,0.0,0.0,997.0,87.0203864879135,0.0,997.0,57.7388963660834,25.4764292878636,36.0,2.97916666666667,10.0,41.1074391504082,14950.0309880056,397.187,439.139
D5 favorito,5,8,Presion alta,Contragolpe,77113,true,34.0,4.0,0.21348978791924,0.96629213483146,5.73333333333333,3.0,3.0,0.0,4.0,55.3610503282276,33.0,18.0,41.0,3.0,0.0,0.0,2.0,0.0,962.0,86.4755304141803,0.0,962.0,59.8666666666667,22.037422037422,28.0,4.00892857142857,6.0,41.2997862672252,16024.695948391,395.044,429.942
D5 favorito,5,8,Presion alta,Contragolpe,77126,true,34.0,2.0,0.24415016984112,0.984375,5.90625,3.0,3.0,0.0,7.0,57.1753986332574,32.0,20.0,41.0,2.0,1.0,0.0,0.0,0.0,960.0,87.2306292610616,0.0,960.0,56.9920844327177,21.0416666666667,36.0,3.0,13.0,41.2828539608702,16085.2902639694,394.609,433.771
D5 favorito,5,8,Presion alta,Contragolpe,77139,true,34.0,2.0,0.27345705635652,1.01612903225806,5.90625,5.0,5.0,0.0,10.0,59.2677345537757,32.0,21.0,46.0,4.0,1.0,0.0,4.0,0.0,996.0,86.2782091745423,0.0,996.0,62.536023054755,30.3212851405622,34.0,3.19117647058824,11.0,35.0602001746739,13722.8464610144,389.709,417.793
D5 favorito,5,8,Presion alta,Contragolpe,77152,true,37.0,2.0,0.25236626086583,1.00515463917526,5.57142857142857,4.0,4.0,0.0,7.0,62.753036437247,35.0,28.0,49.0,2.0,0.0,0.0,2.0,1.0,1002.0,86.2358456889954,0.0,1002.0,61.1735330836454,20.059880239521,37.0,3.31081081081081,9.0,36.4599725488877,16768.8150613124,419.784,457.94
D5 favorito,5,8,Presion alta,Contragolpe,77165,true,33.0,1.0,0.23772977852744,0.9578313253012,4.96875,5.0,5.0,0.0,8.0,56.9230769230769,31.0,23.0,49.0,4.0,0.0,0.0,0.0,0.0,1094.0,88.0128594396501,0.0,1094.0,52.9492455418381,33.363802559415,40.0,2.4125,6.0,38.0346410268972,14527.5618462378,410.592,452.396
D5 favorito,5,8,Presion alta,Contragolpe,77178,true,28.0,1.0,0.21505552608874,0.97333333333333,5.40740740740741,3.0,3.0,0.0,10.0,69.0744920993228,26.0,16.0,44.0,6.0,0.0,0.0,5.0,2.0,1024.0,87.0643898212632,0.0,1024.0,62.0592383638928,30.76171875,27.0,4.07407407407407,10.0,36.4795340906751,14109.5564787325,391.207,426.808
D5 favorito,5,8,Presion alta,Contragolpe,77191,true,40.0,2.0,0.26375447963606,0.98963730569948,5.02631578947368,7.0,7.0,0.0,9.0,59.2105263157895,39.0,14.0,50.0,3.0,0.0,0.0,3.0,0.0,986.0,88.2834258721063,0.0,986.0,52.2821576763485,26.6734279918864,25.0,3.78,9.0,40.9199661231769,16491.6715283118,393.558,420.428
D5 favorito,5,8,Presion alta,Contragolpe,77204,true,39.0,0.0,0.2382182454836,0.98190045248869,5.56410256410256,2.0,2.0,0.0,6.0,61.9277108433735,37.0,17.0,43.0,3.0,0.0,0.0,0.0,0.0,963.0,87.2259463250155,0.0,963.0,55.5403556771546,24.0913811007269,32.0,3.171875,10.0,40.2216903798768,15574.1782002163,391.6,431.301
D5 favorito,5,8,Presion alta,Contragolpe,77217,true,36.0,3.0,0.2547086634593,0.99528301886792,6.39393939393939,7.0,7.0,0.0,8.0,59.3258426966292,32.0,25.0,41.0,6.0,1.0,0.0,1.0,0.0,1053.0,87.4150549956606,0.0,1053.0,67.4809160305343,37.7967711301045,37.0,2.98648648648649,8.0,37.9854866060174,13527.0822968437,378.251,423.049
D5 favorito,5,8,Presion alta,Contragolpe,77230,true,30.0,3.0,0.21233631143988,0.94082840236686,5.88888888888889,7.0,7.0,0.0,11.0,67.8733031674208,28.0,21.0,44.0,2.0,0.0,0.0,2.0,0.0,984.0,85.8872013014552,0.0,984.0,60.6602475928473,26.1178861788618,31.0,3.55645161290323,6.0,40.7445656706039,15181.2577279448,389.424,429.174
D5 favorito,5,8,Presion alta,Contragolpe,77243,true,33.0,4.0,0.23725090007102,0.97546012269939,5.48275862068965,4.0,4.0,0.0,10.0,60.2870813397129,32.0,14.0,39.0,3.0,0.0,0.0,1.0,0.0,1006.0,87.5713074454599,0.0,1006.0,59.6237337192475,31.3121272365805,27.0,3.81481481481481,6.0,39.2271894793716,14010.7833757127,385.199,414.706
D10 parejo,10,10,Tiki taka,Juego directo,77100,true,55.0,4.0,0.21299399172655,0.95546558704453,4.62745098039216,4.0,4.0,0.0,8.0,55.6263269639066,54.0,19.0,60.0,5.0,0.0,0.0,1.0,0.0,1011.0,83.3291851858239,0.0,1011.0,63.9502762430939,28.3877349159248,31.0,3.73387096774194,9.0,41.1351330954729,13689.300548837,419.401,439.377
D10 parejo,10,10,Tiki taka,Juego directo,77113,true,37.0,6.0,0.22373012578012,0.93710691823899,4.80645161290323,4.0,2.0,2.0,4.0,53.0701754385965,32.0,29.0,44.0,3.0,1.0,0.0,2.0,0.0,962.0,83.8860817832556,0.0,962.0,59.1029023746702,21.2058212058212,40.0,2.8,12.0,39.2420773387642,13717.9908661562,398.348,429.548
D10 parejo,10,10,Tiki taka,Juego directo,77126,true,45.0,4.0,0.22066308545594,0.93203883495146,4.68292682926829,0.0,0.0,0.0,4.0,48.619957537155,40.0,31.0,53.0,2.0,0.0,0.0,1.0,0.0,1010.0,83.7847620630494,0.0,1010.0,56.0096153846154,17.6237623762376,39.0,2.98717948717949,10.0,41.6972941732799,15146.7659275669,456.096,471.319
D10 parejo,10,10,Tiki taka,Juego directo,77139,true,37.0,2.0,0.20485169372729,0.92896174863388,4.85714285714286,0.0,0.0,0.0,4.0,46.8208092485549,37.0,28.0,48.0,5.0,0.0,0.0,4.0,0.0,1027.0,84.1755719498007,0.0,1027.0,63.5687732342007,21.4216163583252,37.0,3.46621621621622,12.0,37.4757969929321,14130.7625479228,450.028,482.02
D10 parejo,10,10,Tiki taka,Juego directo,77152,true,40.0,3.0,0.20091088525582,0.94240837696335,4.86486486486486,4.0,3.0,1.0,9.0,44.4186046511628,38.0,26.0,51.0,3.0,0.0,0.0,2.0,1.0,985.0,84.4602165458827,0.0,985.0,58.8154269972452,26.2944162436548,33.0,3.23484848484848,9.0,33.6259885459025,13499.033368472,394.031,439.476
D10 parejo,10,10,Tiki taka,Juego directo,77165,true,43.0,2.0,0.17544109301061,0.9060773480663,4.0,1.0,0.0,1.0,9.0,54.8902195608782,42.0,30.0,59.0,3.0,0.0,0.0,1.0,0.0,1067.0,82.7608206063926,0.0,1067.0,58.5394581861013,20.4311152764761,46.0,2.70108695652174,12.0,39.644919411897,14511.1505824635,458.654,504.478
D10 parejo,10,10,Tiki taka,Juego directo,77178,true,49.0,6.0,0.18079846583506,0.91787439613527,4.41860465116279,1.0,1.0,0.0,2.0,47.0472440944882,48.0,22.0,63.0,4.0,0.0,0.0,3.0,1.0,1037.0,84.4393062446737,0.0,1037.0,59.9761051373955,19.2864030858245,33.0,3.8030303030303,5.0,37.8892630182694,14406.2808158752,442.449,489.119
D10 parejo,10,10,Tiki taka,Juego directo,77191,true,48.0,2.0,0.23980581986206,0.96069868995633,4.78260869565217,2.0,2.0,0.0,11.0,52.2077922077922,48.0,13.0,60.0,2.0,0.0,1.0,0.0,0.0,960.0,85.3260879821263,0.0,960.0,52.4657534246575,23.9583333333333,24.0,3.98958333333333,7.0,38.3722653648029,14898.2756859729,376.911,414.083
D10 parejo,10,10,Tiki taka,Juego directo,77204,true,49.0,3.0,0.19470650436658,0.94782608695652,4.73913043478261,2.0,2.0,0.0,10.0,56.9002123142251,47.0,23.0,60.0,2.0,0.0,0.0,1.0,1.0,988.0,85.2486349339898,0.0,988.0,60.9882964889467,22.165991902834,35.0,3.35,14.0,37.4584938480168,14414.4574301781,418.181,455.21
D10 parejo,10,10,Tiki taka,Juego directo,77217,true,50.0,5.0,0.226433716206,0.96052631578947,4.86666666666667,1.0,1.0,0.0,9.0,52.8183716075157,48.0,19.0,59.0,1.0,0.0,0.0,0.0,0.0,1004.0,84.0659649903392,0.0,1004.0,55.8303886925795,15.4382470119522,31.0,3.82258064516129,6.0,37.6484355430359,13241.688841782,434.345,482.589
D10 parejo,10,10,Tiki taka,Juego directo,77230,true,37.0,4.0,0.1905954500999,0.9112426035503,4.66666666666667,1.0,1.0,0.0,8.0,53.4042553191489,37.0,31.0,52.0,4.0,0.0,0.0,1.0,0.0,1004.0,82.9927294619489,0.0,1004.0,59.4594594594595,22.609561752988,44.0,2.625,16.0,42.0808817484528,13827.1935614298,400.543,448.317
D10 parejo,10,10,Tiki taka,Juego directo,77243,true,42.0,3.0,0.2138425557852,0.94818652849741,4.69230769230769,1.0,0.0,1.0,8.0,44.7191011235955,42.0,14.0,51.0,3.0,0.0,1.0,1.0,0.0,1025.0,84.7074525541545,0.0,1025.0,54.8185231539424,22.0487804878049,25.0,4.38,4.0,38.489169859214,13900.2485509126,434.992,461.339
D10 parejo,10,10,Presion alta,Contragolpe,77100,true,34.0,3.0,0.21721107840442,0.95906432748538,5.29032258064516,2.0,2.0,0.0,10.0,50.7142857142857,32.0,24.0,45.0,2.0,0.0,0.0,1.0,0.0,960.0,83.6391054144544,0.0,960.0,57.0247933884298,24.375,34.0,3.04411764705882,13.0,39.2231702680635,13943.6743255846,376.315,412.92
D10 parejo,10,10,Presion alta,Contragolpe,77113,true,44.0,3.0,0.23254832859454,0.96969696969697,5.46341463414634,1.0,1.0,0.0,7.0,55.0,42.0,20.0,48.0,2.0,0.0,0.0,2.0,0.0,1005.0,83.9546305535305,0.0,1005.0,64.8171500630517,21.0945273631841,31.0,4.14516129032258,9.0,42.585824791831,14078.4907980497,418.986,456.843
D10 parejo,10,10,Presion alta,Contragolpe,77126,true,29.0,5.0,0.21295967152826,0.96323529411765,5.45833333333333,0.0,0.0,0.0,7.0,51.8304431599229,28.0,32.0,37.0,2.0,0.0,0.0,1.0,0.0,1000.0,82.8168059665023,0.0,1000.0,63.2754342431762,19.4,43.0,2.96511627906977,13.0,42.3834597614807,13868.1117195841,437.952,472.611
D10 parejo,10,10,Presion alta,Contragolpe,77139,true,30.0,0.0,0.23166093609085,0.98816568047337,5.56666666666667,1.0,1.0,0.0,3.0,57.1691176470588,29.0,23.0,44.0,5.0,0.0,0.0,4.0,1.0,1061.0,83.9605277787845,0.0,1061.0,64.5006016847172,21.6776625824694,34.0,3.94117647058824,7.0,38.0299469894007,13529.3435853737,439.647,481.272
D10 parejo,10,10,Presion alta,Contragolpe,77152,true,27.0,4.0,0.25820610496426,0.97777777777778,5.73913043478261,1.0,0.0,1.0,5.0,53.0837004405286,26.0,27.0,45.0,6.0,0.0,0.0,5.0,0.0,960.0,85.4871212677396,0.0,960.0,62.2562674094708,25.2083333333333,35.0,3.19285714285714,10.0,37.9884460728232,14537.3684244474,381.851,426.328
D10 parejo,10,10,Presion alta,Contragolpe,77165,true,27.0,2.0,0.22770293929484,0.98425196850394,5.0,1.0,0.0,1.0,5.0,45.6375838926175,26.0,32.0,43.0,1.0,0.0,0.0,0.0,0.0,1018.0,83.968865832031,0.0,1018.0,57.0687418936446,24.2632612966601,36.0,3.05555555555556,10.0,40.2094470245933,13694.997214489,409.47,453.803
D10 parejo,10,10,Presion alta,Contragolpe,77178,true,27.0,1.0,0.20866334262063,0.94630872483221,5.42307692307692,4.0,4.0,0.0,5.0,59.0654205607477,27.0,28.0,37.0,6.0,0.0,0.0,5.0,2.0,1069.0,80.7023810939054,0.0,1069.0,70.3903095558546,30.4957904583723,35.0,3.73571428571429,9.0,39.0261153926315,12491.6150150469,413.935,444.841
D10 parejo,10,10,Presion alta,Contragolpe,77191,true,35.0,4.0,0.26534590280366,0.97619047619048,5.29032258064516,2.0,2.0,0.0,9.0,59.9198396793587,35.0,23.0,47.0,1.0,0.0,0.0,1.0,0.0,960.0,81.9573255900325,0.0,960.0,61.3861386138614,15.8333333333333,35.0,3.54285714285714,12.0,39.92779152929,15944.4400190367,422.485,459.752
D10 parejo,10,10,Presion alta,Contragolpe,77204,true,30.0,2.0,0.21152873399745,0.95808383233533,5.71428571428571,3.0,2.0,1.0,8.0,62.4463519313305,29.0,21.0,40.0,5.0,0.0,0.0,3.0,2.0,1082.0,82.6143076574289,0.0,1082.0,59.6078431372549,29.2975970425139,32.0,3.5625,10.0,39.4768137083027,13184.1189828391,394.513,433.322
D10 parejo,10,10,Presion alta,Contragolpe,77217,true,33.0,2.0,0.22117331936424,0.96774193548387,5.80645161290323,4.0,4.0,0.0,6.0,58.984375,31.0,29.0,43.0,2.0,0.0,0.0,1.0,0.0,974.0,84.617060705534,0.0,974.0,64.9550706033376,20.0205338809035,37.0,3.41891891891892,6.0,40.4479900295388,12725.3287661311,408.495,451.393
D10 parejo,10,10,Presion alta,Contragolpe,77230,true,32.0,1.0,0.22117966224092,0.95108695652174,5.64516129032258,1.0,1.0,0.0,6.0,54.089219330855,32.0,29.0,44.0,4.0,0.0,0.0,2.0,0.0,1017.0,80.7769984164595,0.0,1017.0,67.8571428571429,22.9105211406096,35.0,3.8,8.0,40.9265440949507,14201.2465117084,421.539,458.776
D10 parejo,10,10,Presion alta,Contragolpe,77243,true,42.0,2.0,0.25213400839442,0.99145299145299,5.8,2.0,1.0,1.0,7.0,55.2147239263804,40.0,20.0,47.0,3.0,1.0,0.0,2.0,0.0,1086.0,83.6002642344675,0.0,1086.0,59.6534653465347,25.5985267034991,34.0,3.54411764705882,11.0,39.3017967987553,13120.6805708803,424.913,472.742
D10 tapado,10,7,Tiki taka,Juego directo,77100,true,39.0,1.0,0.24423333139855,0.95522388059701,5.05263157894737,0.0,0.0,0.0,2.0,41.3173652694611,36.0,22.0,49.0,5.0,0.0,0.0,0.0,0.0,963.0,84.4659327888624,0.0,963.0,60.6879606879607,15.472481827622,35.0,3.52857142857143,10.0,40.2334583756322,17016.9895863039,423.415,465.774
D10 tapado,10,7,Tiki taka,Juego directo,77113,true,38.0,2.0,0.2170679071268,0.96,4.66666666666667,2.0,0.0,2.0,9.0,46.3470319634703,35.0,26.0,59.0,4.0,0.0,0.0,1.0,0.0,963.0,86.3500916768524,0.0,963.0,56.7144719687093,20.3530633437176,42.0,2.58928571428571,13.0,38.2273951061452,15686.4988756631,395.397,441.62
D10 tapado,10,7,Tiki taka,Juego directo,77126,true,43.0,3.0,0.20142613233375,0.96464646464646,4.775,3.0,0.0,3.0,7.0,44.1860465116279,43.0,17.0,52.0,1.0,0.0,0.0,1.0,0.0,1020.0,85.9304884146277,0.0,1020.0,59.5177664974619,22.7450980392157,31.0,3.78225806451613,8.0,38.8574230188098,14350.1697173972,425.789,472.823
D10 tapado,10,7,Tiki taka,Juego directo,77139,true,42.0,1.0,0.2357828006806,0.95774647887324,4.97560975609756,3.0,0.0,3.0,10.0,52.9411764705882,42.0,25.0,59.0,4.0,1.0,0.0,2.0,0.0,1014.0,85.7815155518763,0.0,1014.0,56.7226890756303,29.585798816568,33.0,3.06818181818182,11.0,34.048020311806,13703.843139126,388.199,424.609
D10 tapado,10,7,Tiki taka,Juego directo,77152,true,52.0,1.0,0.22865033540227,0.97619047619048,4.82352941176471,4.0,0.0,4.0,7.0,41.8859649122807,51.0,18.0,62.0,3.0,0.0,0.0,3.0,0.0,962.0,86.5091056585281,0.0,962.0,59.2105263157895,20.997920997921,26.0,4.32692307692308,3.0,36.4617135059337,15714.8434392233,419.132,460.501
D10 tapado,10,7,Tiki taka,Juego directo,77165,true,41.0,2.0,0.20704282980439,0.92307692307692,4.30769230769231,5.0,0.0,5.0,12.0,43.2835820895522,37.0,19.0,52.0,5.0,1.0,0.0,2.0,0.0,1080.0,86.3852835539623,0.0,1080.0,57.4314574314574,35.8333333333333,34.0,2.92647058823529,9.0,36.9459838438725,12678.5503471374,411.558,439.029
D10 tapado,10,7,Tiki taka,Juego directo,77178,true,42.0,1.0,0.1721312270858,0.9040404040404,4.36585365853659,2.0,0.0,2.0,5.0,44.6280991735537,41.0,21.0,55.0,6.0,0.0,0.0,5.0,2.0,1054.0,86.6021540643457,0.0,1054.0,61.6774193548387,26.4705882352941,31.0,3.85483870967742,4.0,35.9727630645244,14653.8792793795,411.826,445.614
D10 tapado,10,7,Tiki taka,Juego directo,77191,true,49.0,4.0,0.22447226724642,0.93362831858407,4.68888888888889,1.0,1.0,0.0,5.0,61.8721461187215,47.0,16.0,63.0,2.0,0.0,1.0,0.0,0.0,964.0,86.4847114261068,0.0,964.0,52.536231884058,14.1078838174274,31.0,3.50806451612903,8.0,40.5269168052123,17360.6726793957,421.244,471.056
D10 tapado,10,7,Tiki taka,Juego directo,77204,true,38.0,2.0,0.23213320009848,0.97790055248619,4.91666666666667,1.0,0.0,1.0,8.0,53.6423841059603,34.0,29.0,51.0,4.0,0.0,0.0,2.0,1.0,1055.0,85.0414035521628,0.0,1055.0,56.1470215462611,25.2132701421801,38.0,2.91447368421053,12.0,39.2281253533179,14676.506983007,400.143,440.034
D10 tapado,10,7,Tiki taka,Juego directo,77217,true,38.0,4.0,0.20971750098659,0.94285714285714,4.85294117647059,4.0,0.0,4.0,7.0,43.8095238095238,38.0,20.0,51.0,5.0,0.0,0.0,1.0,0.0,1035.0,86.7677216180136,0.0,1035.0,56.6347469220246,29.3719806763285,31.0,3.33870967741936,8.0,39.9354678380364,12809.8362540288,391.026,429.604
D10 tapado,10,7,Tiki taka,Juego directo,77230,true,50.0,7.0,0.1959741774539,0.96818181818182,4.95348837209302,2.0,0.0,2.0,6.0,52.9137529137529,47.0,18.0,57.0,4.0,0.0,0.0,2.0,0.0,960.0,86.8472821328881,0.0,960.0,55.1813471502591,19.5833333333333,29.0,3.67241379310345,8.0,40.5779045506333,15143.5547219071,394.059,428.156
D10 tapado,10,7,Tiki taka,Juego directo,77243,true,46.0,4.0,0.21932461122987,0.94761904761905,4.73809523809524,4.0,0.0,4.0,7.0,41.031941031941,45.0,10.0,54.0,4.0,0.0,0.0,3.0,0.0,1013.0,86.6490387673179,0.0,1013.0,54.0027137042062,27.2458045409674,23.0,4.32608695652174,2.0,37.21831778221,13374.360498293,403.612,439.122
D10 tapado,10,7,Presion alta,Contragolpe,77100,true,33.0,4.0,0.27775501532486,1.01829268292683,5.75862068965517,0.0,0.0,0.0,2.0,54.6099290780142,29.0,31.0,45.0,3.0,0.0,0.0,0.0,0.0,1014.0,82.6483029471257,0.0,1014.0,62.6116071428571,11.6370808678501,40.0,3.50625,7.0,41.0649088439138,16502.4224243892,455.521,499.263
D10 tapado,10,7,Presion alta,Contragolpe,77113,true,40.0,1.0,0.25226037676672,1.0,5.92307692307692,4.0,0.0,4.0,7.0,44.5121951219512,38.0,26.0,49.0,5.0,0.0,0.0,5.0,1.0,1032.0,85.1813665115412,0.0,1032.0,64.0686922060766,26.6472868217054,35.0,3.46428571428571,9.0,37.802710756499,13947.8955920337,436.629,450.649
D10 tapado,10,7,Presion alta,Contragolpe,77126,true,39.0,9.0,0.23651565828806,0.97175141242938,5.73333333333333,2.0,0.0,2.0,8.0,51.0721247563353,39.0,24.0,45.0,3.0,1.0,0.0,1.0,0.0,965.0,84.6991615922456,0.0,965.0,63.5118306351183,16.7875647668394,38.0,3.35526315789474,13.0,42.9149913129398,15530.6713553447,422.237,456.115
D10 tapado,10,7,Presion alta,Contragolpe,77139,true,32.0,2.0,0.22766305665546,0.98314606741573,5.83333333333333,3.0,0.0,3.0,7.0,40.9871244635193,27.0,24.0,39.0,3.0,0.0,0.0,2.0,0.0,1048.0,83.8482104987622,0.0,1048.0,62.312925170068,29.8664122137405,32.0,3.578125,10.0,37.4092216100706,13704.5774323612,399.935,451.572
D10 tapado,10,7,Presion alta,Contragolpe,77152,true,37.0,2.0,0.24885402972483,0.98514851485149,5.68571428571429,2.0,0.0,2.0,6.0,48.6274509803922,33.0,34.0,49.0,3.0,0.0,0.0,2.0,0.0,960.0,84.4208979306198,0.0,960.0,62.4844720496894,16.1458333333333,41.0,3.06707317073171,13.0,38.2338066466456,17211.9674029347,426.619,462.303
D10 tapado,10,7,Presion alta,Contragolpe,77165,true,38.0,3.0,0.23960209764308,0.96648044692737,4.94285714285714,5.0,0.0,5.0,11.0,51.5738498789346,35.0,21.0,48.0,2.0,0.0,0.0,1.0,0.0,960.0,85.2858191321111,0.0,960.0,57.6704545454545,26.6666666666667,34.0,2.98529411764706,12.0,35.6046483596708,13644.9698140951,388.684,443.179
D10 tapado,10,7,Presion alta,Contragolpe,77178,true,28.0,6.0,0.24110943976871,0.97560975609756,5.45454545454545,1.0,0.0,1.0,4.0,48.7272727272727,27.0,24.0,34.0,2.0,0.0,0.0,1.0,0.0,968.0,84.036765261933,0.0,968.0,66.4634146341463,15.2892561983471,37.0,3.68243243243243,9.0,38.9756911990373,16448.6990715526,438.369,476.79
D10 tapado,10,7,Presion alta,Contragolpe,77191,true,45.0,1.0,0.26171709939955,0.99196787148594,5.61363636363636,3.0,0.0,3.0,9.0,50.4798464491363,44.0,17.0,55.0,1.0,0.0,0.0,1.0,0.0,989.0,84.3854019489364,0.0,989.0,60.1390498261877,12.7401415571284,27.0,4.80555555555556,7.0,42.3554881058751,16967.7788168816,441.5,486.332
D10 tapado,10,7,Presion alta,Contragolpe,77204,true,33.0,2.0,0.20818316915125,0.95675675675676,5.70967741935484,1.0,0.0,1.0,3.0,44.9905482041588,31.0,29.0,41.0,4.0,0.0,0.0,2.0,1.0,1025.0,84.7007743128192,0.0,1025.0,65.5345911949686,22.4390243902439,39.0,3.33974358974359,12.0,39.5799830376825,14627.9697177964,404.23,445.364
D10 tapado,10,7,Presion alta,Contragolpe,77217,true,29.0,4.0,0.22921959903889,0.97297297297297,5.76,4.0,0.0,4.0,10.0,47.6958525345622,27.0,24.0,40.0,2.0,0.0,0.0,1.0,0.0,1004.0,84.6865370121013,0.0,1004.0,59.6393897364771,28.1872509960159,35.0,3.07142857142857,11.0,37.9199625067009,13514.6290428347,391.938,419.0
D10 tapado,10,7,Presion alta,Contragolpe,77230,true,31.0,2.0,0.22879701034276,0.98882681564246,6.10344827586207,3.0,1.0,2.0,9.0,46.1538461538462,28.0,22.0,41.0,6.0,0.0,0.0,3.0,0.0,983.0,84.2393881433085,0.0,983.0,61.5602836879433,28.2807731434385,38.0,2.85526315789474,12.0,40.9393076618593,14436.394191123,379.861,411.77
D10 tapado,10,7,Presion alta,Contragolpe,77243,true,42.0,1.0,0.24170905962898,0.95217391304348,5.34146341463415,6.0,0.0,6.0,12.0,39.9141630901288,40.0,15.0,51.0,2.0,0.0,0.0,0.0,0.0,1121.0,85.0013529046791,0.0,1121.0,60.7661822985469,32.4710080285459,27.0,4.25925925925926,6.0,36.9914769665406,13136.8533805947,422.947,467.102
