escenario,division_a,division_b,estilo_a,estilo_b,semilla,coincide_con_fotogramas,goles,goles_local,goles_visitante,tiros,posesion_pct,pases,perdidas,pases_intentados,faltas,penales,offsides,amarillas,rojas,ticks,resistencia_final_pct,mitades_cortadas,fotogramas,controlada_pct,pelota_parada_pct,posesiones,duracion_posesion_seg,recuperaciones_altas,separacion_lineas_m,recorrido_total_m,ms_sin_fotogramas,ms_con_fotogramas
D1 parejo,1,1,Tiki taka,Juego directo,77100,true,1.0,1.0,0.0,8.0,52.2321428571429,50.0,17.0,68.0,1.0,0.0,0.0,0.0,0.0,960.0,96.0727272727273,0.0,960.0,53.855421686747,13.5416666666667,34.0,3.28676470588235,6.0,41.8839908157363,21718.0656976862,283.107,312.243
D1 parejo,1,1,Tiki taka,Juego directo,77113,true,1.0,0.0,1.0,8.0,51.3274336283186,51.0,15.0,66.0,1.0,0.0,0.0,1.0,0.0,963.0,95.4705454545455,0.0,963.0,54.2822677925211,13.9148494288681,31.0,3.62903225806452,4.0,39.7430796257888,21851.0845555826,278.869,310.307
D1 parejo,1,1,Tiki taka,Juego directo,77126,true,0.0,0.0,0.0,7.0,49.247311827957,51.0,17.0,67.0,1.0,0.0,0.0,0.0,0.0,994.0,94.4756363636364,0.0,994.0,51.6816143497758,10.261569416499,36.0,3.20138888888889,8.0,41.6067989010146,22932.0279352003,304.746,338.918
D1 parejo,1,1,Tiki taka,Juego directo,77139,true,1.0,0.0,1.0,11.0,50.6607929515419,45.0,17.0,58.0,1.0,0.0,1.0,1.0,0.0,1004.0,92.908,0.0,1004.0,57.1069182389937,20.8167330677291,33.0,3.43939393939394,7.0,36.4388415972797,19389.1043320146,287.89,320.676
D1 parejo,1,1,Tiki taka,Juego directo,77152,true,3.0,2.0,1.0,12.0,51.9396551724138,58.0,8.0,64.0,0.0,0.0,0.0,0.0,0.0,960.0,95.7356363636364,0.0,960.0,56.3260340632603,14.375,26.0,4.45192307692308,2.0,36.9441104004437,21253.747304976,284.742,316.527
D1 parejo,1,1,Tiki taka,Juego directo,77165,true,1.0,0.0,1.0,9.0,53.1182795698925,51.0,15.0,61.0,3.0,0.0,0.0,1.0,0.0,962.0,94.5607272727273,0.0,962.0,56.6544566544567,14.8648648648649,33.0,3.51515151515152,6.0,37.8789789095125,21299.4842658171,293.029,322.433
D1 parejo,1,1,Tiki taka,Juego directo,77178,true,1.0,1.0,0.0,7.0,47.8260869565217,45.0,14.0,61.0,2.0,0.0,0.0,0.0,0.0,965.0,96.6585454545454,0.0,965.0,49.8181818181818,14.5077720207254,34.0,3.02205882352941,3.0,37.8575085791497,21985.8020216747,287.631,324.732
D1 parejo,1,1,Tiki taka,Juego directo,77191,true,1.0,1.0,0.0,11.0,52.1186440677966,61.0,14.0,72.0,1.0,0.0,0.0,1.0,0.0,972.0,94.2105454545455,0.0,972.0,53.8901601830664,10.082304526749,32.0,3.6796875,5.0,41.5670915081813,22471.3252093289,306.42,334.916
D1 parejo,1,1,Tiki taka,Juego directo,77204,true,1.0,1.0,0.0,9.0,48.0861244019139,53.0,12.0,64.0,0.0,0.0,0.0,0.0,0.0,964.0,96.4261818181818,0.0,964.0,49.7607655502392,13.2780082987552,30.0,3.46666666666667,5.0,38.9797459855998,21954.9654824917,287.493,319.005
D1 parejo,1,1,Tiki taka,Juego directo,77217,true,4.0,4.0,0.0,6.0,55.9895833333333,38.0,12.0,50.0,5.0,0.0,1.0,1.0,0.0,1007.0,93.7687272727273,0.0,1007.0,53.5511363636364,30.0893743793446,34.0,2.77205882352941,4.0,35.5210384755592,17553.2383818491,258.301,289.362
D1 parejo,1,1,Tiki taka,Juego directo,77230,true,1.0,1.0,0.0,7.0,50.7760532150776,38.0,24.0,59.0,2.0,0.0,0.0,0.0,0.0,960.0,93.9847272727273,0.0,960.0,56.1557788944724,17.0833333333333,41.0,2.72560975609756,12.0,42.955981965193,19597.730946641,273.853,305.343
D1 parejo,1,1,Tiki taka,Juego directo,77243,true,1.0,0.0,1.0,11.0,42.9223744292237,51.0,15.0,64.0,1.0,0.0,0.0,0.0,0.0,960.0,93.6378181818182,0.0,960.0,52.536231884058,13.75,30.0,3.625,8.0,37.0228663050409,21443.2473829209,281.729,311.35
D1 parejo,1,1,Presion alta,Contragolpe,77100,true,1.0,0.0,1.0,9.0,49.3697478991597,46.0,17.0,56.0,2.0,0.0,0.0,0.0,0.0,963.0,93.5167272727273,0.0,963.0,57.3333333333333,14.3302180685358,36.0,3.28472222222222,6.0,41.9292494766577,20487.1146739426,287.873,321.813
D1 parejo,1,1,Presion alta,Contragolpe,77113,true,1.0,1.0,0.0,8.0,48.9583333333333,41.0,13.0,58.0,2.0,0.0,0.0,2.0,0.0,964.0,95.5229090909091,0.0,964.0,56.2867215041128,11.7219917012448,32.0,3.7421875,6.0,43.2690801721255,21299.001706149,288.075,313.404
D1 parejo,1,1,Presion alta,Contragolpe,77126,true,1.0,1.0,0.0,7.0,51.3859275053305,46.0,21.0,61.0,1.0,0.0,0.0,0.0,0.0,969.0,94.9763636363636,0.0,969.0,55.2538370720189,12.5902992776058,33.0,3.54545454545455,7.0,41.9619410644813,20910.1746150044,295.111,324.753
D1 parejo,1,1,Presion alta,Contragolpe,77139,true,1.0,0.0,1.0,10.0,44.136460554371,41.0,20.0,53.0,3.0,0.0,0.0,2.0,0.0,990.0,89.5338181818182,0.0,990.0,57.1253071253071,17.7777777777778,35.0,3.32142857142857,6.0,37.6792135328695,20738.0353779656,285.262,317.105
D1 parejo,1,1,Presion alta,Contragolpe,77152,true,4.0,4.0,0.0,11.0,55.0632911392405,38.0,19.0,47.0,3.0,0.0,0.0,2.0,0.0,964.0,91.4941818181818,0.0,964.0,63.9189189189189,23.2365145228216,38.0,3.11184210526316,8.0,35.5681877297843,19456.9547751391,268.269,298.303
D1 parejo,1,1,Presion alta,Contragolpe,77165,true,0.0,0.0,0.0,5.0,56.8181818181818,42.0,26.0,62.0,2.0,0.0,0.0,1.0,0.0,964.0,93.9618181818182,0.0,964.0,55.6581986143187,10.1659751037344,41.0,2.9390243902439,5.0,41.2533154088751,21471.6703733467,302.985,329.098
D1 parejo,1,1,Presion alta,Contragolpe,77178,true,3.0,1.0,2.0,9.0,50.7936507936508,35.0,18.0,48.0,5.0,0.0,0.0,4.0,1.0,995.0,90.7970909090909,0.0,995.0,57.5396825396825,24.0201005025126,33.0,3.29545454545455,5.0,38.7427091212765,19274.3764821719,270.166,301.615
D1 parejo,1,1,Presion alta,Contragolpe,77191,true,3.0,1.0,2.0,9.0,53.1862745098039,45.0,13.0,53.0,1.0,0.0,0.0,1.0,0.0,964.0,93.4872727272727,0.0,964.0,50.561797752809,16.9087136929461,27.0,3.75,4.0,42.4560814392665,20814.1218581634,276.192,305.981
D1 parejo,1,1,Presion alta,Contragolpe,77204,true,2.0,2.0,0.0,6.0,54.2792792792793,40.0,14.0,51.0,3.0,0.0,0.0,1.0,0.0,998.0,92.5021818181818,0.0,998.0,55.2631578947368,20.0400801603206,29.0,3.80172413793103,4.0,40.0504219767233,20994.0506515465,293.102,325.6
D1 parejo,1,1,Presion alta,Contragolpe,77217,true,1.0,1.0,0.0,5.0,52.7227722772277,36.0,15.0,51.0,3.0,0.0,0.0,1.0,0.0,1005.0,93.3301818181818,0.0,1005.0,52.8704939919893,25.4726368159204,30.0,3.3,6.0,40.3948978860923,18597.5459555834,262.796,290.176
D1 parejo,1,1,Presion alta,Contragolpe,77230,true,2.0,2.0,0.0,10.0,55.9440559440559,32.0,20.0,42.0,3.0,1.0,0.0,0.0,0.0,961.0,90.208,0.0,961.0,57.1045576407507,22.372528616025,37.0,2.87837837837838,9.0,41.8416501065451,18286.9199147493,262.736,326.779
D1 parejo,1,1,Presion alta,Contragolpe,77243,true,4.0,1.0,3.0,11.0,45.6570155902004,43.0,16.0,58.0,1.0,0.0,0.0,0.0,0.0,1007.0,93.4512727272727,0.0,1007.0,55.875,20.5561072492552,33.0,3.38636363636364,5.0,38.6165185212224,19332.0092755577,283.626,335.778
D1 favorito,1,4,Tiki taka,Juego directo,77100,true,6.0,6.0,0.0,10.0,52.9017857142857,41.0,23.0,56.0,2.0,0.0,0.0,2.0,1.0,1041.0,89.8872727272727,0.0,1041.0,58.6297760210804,27.0893371757925,37.0,3.00675675675676,11.0,39.9792990584566,16566.5290575495,268.827,299.822
D1 favorito,1,4,Tiki taka,Juego directo,77113,true,4.0,4.0,0.0,9.0,54.7215496368039,45.0,23.0,56.0,1.0,0.0,0.0,1.0,0.0,999.0,90.9738181818182,0.0,999.0,56.043956043956,27.1271271271271,34.0,3.0,7.0,40.7786317683513,17122.5804387779,257.762,288.226
D1 favorito,1,4,Tiki taka,Juego directo,77126,true,3.0,2.0,1.0,7.0,54.2528735632184,47.0,17.0,57.0,4.0,1.0,1.0,1.0,0.0,1003.0,91.8018181818182,0.0,1003.0,58.3446404341927,26.5204386839482,36.0,2.98611111111111,8.0,41.5767289038661,18252.133775516,272.036,307.847
D1 favorito,1,4,Tiki taka,Juego directo,77139,true,2.0,2.0,0.0,10.0,54.5454545454545,46.0,20.0,61.0,4.0,0.0,0.0,3.0,0.0,994.0,90.0247272727273,0.0,994.0,59.1666666666667,27.5653923541248,35.0,3.04285714285714,11.0,35.6445683257156,17278.5858672207,270.354,298.318
D1 favorito,1,4,Tiki taka,Juego directo,77152,true,5.0,5.0,0.0,10.0,49.6583143507973,48.0,29.0,70.0,4.0,0.0,0.0,2.0,0.0,961.0,91.1505454545455,0.0,961.0,61.4730878186969,26.5348595213319,45.0,2.41111111111111,16.0,34.6840007130726,17647.4122261724,268.355,301.205
D1 favorito,1,4,Tiki taka,Juego directo,77165,true,5.0,5.0,0.0,13.0,68.0628272251309,43.0,25.0,66.0,4.0,1.0,1.0,0.0,0.0,1023.0,92.1945454545455,0.0,1023.0,57.90273556231,35.6793743890518,35.0,2.72142857142857,11.0,34.8069760111256,15862.3028801428,266.226,297.527
D1 favorito,1,4,Tiki taka,Juego directo,77178,true,4.0,4.0,0.0,7.0,60.082304526749,50.0,23.0,63.0,3.0,0.0,0.0,1.0,0.0,1004.0,90.1098181818182,0.0,1004.0,60.5,20.3187250996016,37.0,3.27027027027027,9.0,40.6433574225569,17192.8641411001,298.315,330.053
D1 favorito,1,4,Tiki taka,Juego directo,77191,true,7.0,7.0,0.0,10.0,60.1078167115903,53.0,18.0,68.0,1.0,0.0,2.0,0.0,0.0,961.0,92.764,0.0,961.0,54.639175257732,29.3444328824142,27.0,3.43518518518519,6.0,40.7942620005998,16579.4925949696,259.031,286.918
D1 favorito,1,4,Tiki taka,Juego directo,77204,true,4.0,4.0,0.0,10.0,63.0434782608696,49.0,12.0,64.0,3.0,0.0,0.0,1.0,1.0,988.0,93.3236363636364,0.0,988.0,50.8333333333333,27.1255060728745,31.0,2.95161290322581,9.0,37.9468878435347,17076.1657837849,247.471,273.872
D1 favorito,1,4,Tiki taka,Juego directo,77217,true,4.0,4.0,0.0,7.0,59.919028340081,61.0,22.0,74.0,3.0,1.0,0.0,2.0,1.0,1043.0,90.892,0.0,1043.0,62.8205128205128,25.215723873442,36.0,3.40277777777778,7.0,38.2767642071336,15786.9871945338,268.519,297.139
D1 favorito,1,4,Tiki taka,Juego directo,77230,true,5.0,5.0,0.0,13.0,65.8653846153846,35.0,24.0,57.0,4.0,1.0,0.0,1.0,0.0,1006.0,89.5730909090909,0.0,1006.0,61.6071428571429,33.2007952286282,35.0,2.95714285714286,10.0,37.4855248230115,15734.4677394324,251.431,281.343
D1 favorito,1,4,Tiki taka,Juego directo,77243,true,2.0,1.0,1.0,5.0,52.4875621890547,47.0,15.0,59.0,3.0,0.0,1.0,2.0,0.0,960.0,92.4629090909091,0.0,960.0,54.2582417582418,24.1666666666667,30.0,3.29166666666667,8.0,37.8444552587243,17267.2147171566,259.322,289.502
D1 favorito,1,4,Presion alta,Contragolpe,77100,true,4.0,4.0,0.0,7.0,57.5,35.0,19.0,48.0,4.0,0.0,0.0,0.0,0.0,1009.0,89.3636363636364,0.0,1009.0,59.1836734693878,27.1555996035679,24.0,4.53125,4.0,42.4600154897673,16947.2054491383,259.842,293.532
D1 favorito,1,4,Presion alta,Contragolpe,77113,true,5.0,5.0,0.0,10.0,61.9164619164619,36.0,17.0,46.0,3.0,1.0,0.0,2.0,0.0,969.0,90.0410909090909,0.0,969.0,56.0393258426966,26.5221878224974,35.0,2.85,8.0,42.1530006830057,17112.555455839,249.432,277.114
D1 favorito,1,4,Presion alta,Contragolpe,77126,true,3.0,3.0,0.0,7.0,57.516339869281,38.0,22.0,51.0,2.0,0.0,0.0,0.0,0.0,979.0,90.6694545454545,0.0,979.0,57.8144853875476,19.611848825332,34.0,3.34558823529412,10.0,41.8319451524225,18918.9734026299,284.309,310.719
D1 favorito,1,4,Presion alta,Contragolpe,77139,true,4.0,4.0,0.0,13.0,52.4027459954233,31.0,25.0,47.0,4.0,0.0,0.0,3.0,0.0,1007.0,87.2461818181818,0.0,1007.0,65.158371040724,34.1608738828203,41.0,2.63414634146341,15.0,36.7318949519993,16069.3917305347,249.996,277.708
D1 favorito,1,4,Presion alta,Contragolpe,77152,true,5.0,5.0,0.0,7.0,53.8011695906433,32.0,37.0,52.0,3.0,0.0,0.0,3.0,0.0,1008.0,87.0498181818182,0.0,1008.0,67.2391017173051,24.9007936507937,51.0,2.49509803921569,13.0,35.7250394554139,18396.8168475337,283.653,315.59
D1 favorito,1,4,Presion alta,Contragolpe,77165,true,3.0,3.0,0.0,9.0,51.9187358916479,35.0,20.0,50.0,2.0,0.0,0.0,1.0,0.0,993.0,91.8149090909091,0.0,993.0,55.6962025316456,20.4431017119839,35.0,3.14285714285714,5.0,38.4274374150248,18206.34044383,283.174,313.604
D1 favorito,1,4,Presion alta,Contragolpe,77178,true,3.0,3.0,0.0,6.0,57.9746835443038,40.0,13.0,50.0,4.0,0.0,0.0,2.0,0.0,985.0,91.792,0.0,985.0,53.133514986376,25.4822335025381,28.0,3.48214285714286,8.0,39.8984075332618,17476.8965540646,263.56,293.999
D1 favorito,1,4,Presion alta,Contragolpe,77191,true,4.0,4.0,0.0,12.0,60.7843137254902,39.0,15.0,54.0,1.0,0.0,0.0,0.0,0.0,991.0,92.7770909090909,0.0,991.0,52.319587628866,21.6952573158426,27.0,3.75925925925926,5.0,41.1195975429668,19189.989012105,268.963,300.479
D1 favorito,1,4,Presion alta,Contragolpe,77204,true,3.0,3.0,0.0,9.0,57.6190476190476,37.0,17.0,53.0,4.0,0.0,0.0,3.0,0.0,960.0,91.3632727272727,0.0,960.0,56.7934782608696,23.3333333333333,32.0,3.265625,10.0,39.2785145149075,18504.1901139651,266.975,293.818
D1 favorito,1,4,Presion alta,Contragolpe,77217,true,6.0,6.0,0.0,10.0,65.5670103092783,38.0,17.0,46.0,2.0,1.0,0.0,1.0,0.0,998.0,90.1163636363636,0.0,998.0,65.5359565807327,26.1523046092184,31.0,3.89516129032258,6.0,38.2632398307262,16005.0306853203,280.726,315.273
D1 favorito,1,4,Presion alta,Contragolpe,77230,true,5.0,5.0,0.0,9.0,63.718820861678,34.0,14.0,45.0,1.0,0.0,0.0,1.0,0.0,1007.0,88.624,0.0,1007.0,58.1333333333333,25.5213505461768,27.0,4.03703703703704,5.0,40.8510028944991,17146.1733130418,270.279,298.997
D1 favorito,1,4,Presion alta,Contragolpe,77243,true,5.0,4.0,1.0,7.0,61.9277108433735,34.0,20.0,53.0,4.0,1.0,0.0,2.0,0.0,1047.0,90.6989090909091,0.0,1047.0,57.6223776223776,31.7096466093601,29.0,3.55172413793103,5.0,39.0161544995497,16714.9152543624,268.707,300.886
D1 tapado,4,1,Tiki taka,Juego directo,77100,true,3.0,0.0,3.0,8.0,46.3235294117647,44.0,21.0,63.0,3.0,0.0,0.0,1.0,0.0,1012.0,92.7672727272727,0.0,1012.0,53.6327608982827,25.197628458498,36.0,2.81944444444444,7.0,39.0962211814567,18857.4534685838,269.709,300.75
D1 tapado,4,1,Tiki taka,Juego directo,77113,true,4.0,0.0,4.0,8.0,46.2921348314607,45.0,23.0,62.0,4.0,0.0,0.0,3.0,0.0,988.0,91.7003636363636,0.0,988.0,55.9748427672956,19.5344129554656,36.0,3.09027777777778,7.0,38.8066593720086,19703.0451691023,278.696,305.172
D1 tapado,4,1,Tiki taka,Juego directo,77126,true,1.0,0.0,1.0,6.0,52.1444695259594,48.0,16.0,62.0,3.0,0.0,0.0,1.0,0.0,965.0,95.3756363636364,0.0,965.0,53.7059538274605,14.7150259067358,33.0,3.34848484848485,6.0,40.1118368765572,21217.6348968336,288.297,315.143
D1 tapado,4,1,Tiki taka,Juego directo,77139,true,2.0,0.0,2.0,8.0,45.320197044335,37.0,17.0,54.0,1.0,0.0,0.0,1.0,0.0,1008.0,91.9163636363636,0.0,1008.0,51.9430051813472,23.4126984126984,35.0,2.86428571428571,6.0,36.2783186181525,17576.6548695844,276.391,310.769
D1 tapado,4,1,Tiki taka,Juego directo,77152,true,3.0,0.0,3.0,7.0,54.0094339622642,53.0,17.0,70.0,3.0,0.0,0.0,2.0,0.0,963.0,95.7356363636364,0.0,963.0,53.9052496798976,18.8992731048806,28.0,3.75892857142857,4.0,35.7159075451541,19344.2812575508,283.527,312.927
D1 tapado,4,1,Tiki taka,Juego directo,77165,true,3.0,0.0,3.0,8.0,42.5339366515837,44.0,22.0,67.0,1.0,1.0,0.0,1.0,0.0,1006.0,93.1403636363636,0.0,1006.0,54.8628428927681,20.2783300198807,36.0,3.05555555555556,6.0,38.5145780972798,19117.1482839694,286.973,326.678
D1 tapado,4,1,Tiki taka,Juego directo,77178,true,3.0,2.0,1.0,5.0,45.2747252747253,46.0,18.0,62.0,1.0,0.0,1.0,1.0,0.0,1002.0,91.4090909090909,0.0,1002.0,57.5989782886335,21.8562874251497,34.0,3.31617647058824,6.0,35.8912004807693,19290.5379848394,296.492,324.552
D1 tapado,4,1,Tiki taka,Juego directo,77191,true,3.0,1.0,2.0,8.0,51.1737089201878,50.0,15.0,61.0,0.0,0.0,0.0,0.0,0.0,960.0,92.6985454545455,0.0,960.0,50.5952380952381,12.5,30.0,3.54166666666667,6.0,41.8229820706272,21359.8770780621,287.759,318.049
D1 tapado,4,1,Tiki taka,Juego directo,77204,true,3.0,0.0,3.0,7.0,44.5945945945946,42.0,18.0,58.0,4.0,0.0,0.0,1.0,0.0,960.0,92.1029090909091,0.0,960.0,58.0474934036939,21.0416666666667,35.0,3.14285714285714,6.0,36.954638777813,19291.1806504935,281.355,310.534
D1 tapado,4,1,Tiki taka,Juego directo,77217,true,4.0,1.0,3.0,7.0,45.5913978494624,47.0,18.0,58.0,4.0,0.0,0.0,2.0,0.0,1054.0,91.2094545454545,0.0,1054.0,60.5504587155963,27.6091081593928,35.0,3.3,6.0,39.2554950959303,17099.1957371718,283.504,315.814
D1 tapado,4,1,Tiki taka,Juego directo,77230,true,1.0,1.0,0.0,5.0,44.6768060836502,41.0,24.0,61.0,3.0,1.0,0.0,1.0,0.0,1003.0,88.5127272727273,0.0,1003.0,62.0977353992849,16.3509471585244,42.0,3.10119047619048,9.0,43.5088759079662,17675.5592268718,297.313,325.47
D1 tapado,4,1,Tiki taka,Juego directo,77243,true,6.0,0.0,6.0,10.0,42.512077294686,44.0,18.0,61.0,1.0,0.0,0.0,1.0,0.0,988.0,90.7970909090909,0.0,988.0,56.5337001375516,26.417004048583,33.0,3.11363636363636,5.0,36.7769452312811,15685.3653507018,271.024,301.391
D1 tapado,4,1,Presion alta,Contragolpe,77100,true,2.0,0.0,2.0,5.0,48.9082969432314,36.0,20.0,46.0,4.0,0.0,0.0,1.0,0.0,962.0,89.5567272727273,0.0,962.0,60.2941176470588,22.2453222453222,38.0,2.96710526315789,8.0,41.422558596356,17743.2146295285,269.288,297.132
D1 tapado,4,1,Presion alta,Contragolpe,77113,true,5.0,0.0,5.0,8.0,44.1860465116279,38.0,25.0,52.0,2.0,0.0,0.0,2.0,0.0,1002.0,88.624,0.0,1002.0,60.1532567049808,21.8562874251497,39.0,3.01923076923077,5.0,40.0094805894405,18127.9528428932,279.206,314.456
D1 tapado,4,1,Presion alta,Contragolpe,77126,true,1.0,0.0,1.0,7.0,52.9274004683841,42.0,14.0,56.0,4.0,0.0,0.0,2.0,0.0,992.0,93.376,0.0,992.0,54.7464239271782,22.4798387096774,30.0,3.50833333333333,6.0,41.645409251536,18157.8548102241,279.692,306.25
D1 tapado,4,1,Presion alta,Contragolpe,77139,true,2.0,0.0,2.0,10.0,44.6759259259259,37.0,21.0,51.0,4.0,0.0,0.0,1.0,0.0,970.0,90.3847272727273,0.0,970.0,58.1743869209809,24.3298969072165,34.0,3.13970588235294,8.0,36.9181092073596,16787.2911597483,268.239,297.427
D1 tapado,4,1,Presion alta,Contragolpe,77152,true,1.0,0.0,1.0,8.0,50.6876227897839,40.0,26.0,58.0,2.0,0.0,0.0,2.0,0.0,967.0,91.0163636363636,0.0,967.0,60.0,12.6163391933816,43.0,2.94767441860465,9.0,38.3711038410032,20581.0612745998,295.756,322.569
D1 tapado,4,1,Presion alta,Contragolpe,77165,true,2.0,0.0,2.0,8.0,51.4672686230248,38.0,25.0,54.0,2.0,0.0,0.0,0.0,0.0,1004.0,91.108,0.0,1004.0,54.3316831683168,19.5219123505976,33.0,3.32575757575758,7.0,40.2712657588761,19616.0727989246,283.953,311.69
D1 tapado,4,1,Presion alta,Contragolpe,77178,true,4.0,0.0,4.0,10.0,51.4806378132118,38.0,18.0,47.0,5.0,0.0,0.0,4.0,1.0,1031.0,88.0545454545454,0.0,1031.0,60.5042016806723,30.7468477206596,34.0,3.17647058823529,8.0,38.7377159312528,16760.2255526095,249.519,279.987
D1 tapado,4,1,Presion alta,Contragolpe,77191,true,2.0,0.0,2.0,8.0,53.2673267326733,45.0,17.0,55.0,2.0,0.0,0.0,1.0,0.0,965.0,89.2229090909091,0.0,965.0,59.9523241954708,13.0569948186529,31.0,4.05645161290323,6.0,41.4130150553523,21202.0379804819,293.157,321.829
D1 tapado,4,1,Presion alta,Contragolpe,77204,true,3.0,0.0,3.0,8.0,49.5495495495495,38.0,26.0,48.0,3.0,0.0,0.0,1.0,0.0,964.0,90.1,0.0,964.0,58.5333333333333,22.1991701244813,43.0,2.55232558139535,12.0,38.6719846404741,18668.0340304028,266.411,296.979
D1 tapado,4,1,Presion alta,Contragolpe,77217,true,2.0,0.0,2.0,10.0,49.1189427312775,39.0,18.0,47.0,4.0,0.0,0.0,2.0,0.0,1002.0,89.2490909090909,0.0,1002.0,61.5279672578445,26.8463073852295,30.0,3.75833333333333,8.0,39.6758853960108,16632.260773063,261.834,293.932
D1 tapado,4,1,Presion alta,Contragolpe,77230,true,6.0,0.0,6.0,10.0,38.7024608501119,28.0,20.0,39.0,5.0,0.0,0.0,2.0,0.0,984.0,87.1905454545455,0.0,984.0,65.1851851851852,31.4024390243902,34.0,3.23529411764706,10.0,41.2019037506797,16346.2227186457,248.479,277.801
D1 tapado,4,1,Presion alta,Contragolpe,77243,true,7.0,0.0,7.0,11.0,41.2742382271468,39.0,15.0,50.0,4.0,0.0,0.0,1.0,0.0,967.0,89.2916363636364,0.0,967.0,55.0387596899225,33.2988624612203,29.0,3.06034482758621,5.0,36.5781487427407,15437.3584333088,243.379,269.71
D5 parejo,5,5,Tiki taka,Juego directo,77100,true,3.0,2.0,1.0,6.0,52.6190476190476,42.0,17.0,56.0,5.0,1.0,1.0,0.0,0.0,997.0,88.2476363636364,0.0,997.0,57.1823204419889,27.382146439318,33.0,3.13636363636364,5.0,40.7643618870161,16309.6440888016,258.876,288.875
D5 parejo,5,5,Tiki taka,Juego directo,77113,true,3.0,0.0,3.0,6.0,46.606334841629,43.0,27.0,63.0,4.0,1.0,0.0,3.0,0.0,963.0,89.6221818181818,0.0,963.0,58.1673306772908,21.8068535825545,37.0,2.95945945945946,9.0,40.4151095048704,17204.1794775281,265.816,294.536
D5 parejo,5,5,Tiki taka,Juego directo,77126,true,2.0,1.0,1.0,5.0,58.4444444444444,49.0,25.0,69.0,3.0,0.0,0.0,2.0,0.0,1007.0,90.3618181818182,0.0,1007.0,55.5417185554172,20.2581926514399,36.0,3.09722222222222,8.0,41.5432003552292,18503.1304425952,293.363,321.889
D5 parejo,5,5,Tiki taka,Juego directo,77139,true,2.0,1.0,1.0,12.0,50.0,43.0,20.0,63.0,3.0,0.0,0.0,2.0,0.0,1025.0,87.7403636363636,0.0,1025.0,58.6206896551724,29.2682926829268,36.0,2.95138888888889,11.0,36.2308611775847,15844.6217462762,262.093,294.017
D5 parejo,5,5,Tiki taka,Juego directo,77152,true,2.0,0.0,2.0,6.0,49.7029702970297,52.0,22.0,67.0,0.0,0.0,0.0,0.0,0.0,960.0,92.2469090909091,0.0,960.0,59.7387173396675,12.2916666666667,39.0,3.22435897435897,9.0,36.5439159165601,19703.4880825016,304.956,333.263
D5 parejo,5,5,Tiki taka,Juego directo,77165,true,3.0,0.0,3.0,13.0,50.8196721311475,48.0,18.0,66.0,3.0,0.0,0.0,0.0,0.0,1039.0,89.4061818181818,0.0,1039.0,56.1752988047809,27.5264677574591,33.0,3.20454545454545,7.0,37.4163520308791,15905.1995541004,279.901,307.424
D5 parejo,5,5,Tiki taka,Juego directo,77178,true,2.0,1.0,1.0,4.0,57.07656612529,52.0,15.0,66.0,3.0,0.0,0.0,1.0,0.0,992.0,89.452,0.0,992.0,54.2675159235669,20.866935483871,28.0,3.80357142857143,3.0,38.8220995620435,16993.3885543898,289.784,324.419
D5 parejo,5,5,Tiki taka,Juego directo,77191,true,2.0,2.0,0.0,7.0,56.953642384106,47.0,24.0,67.0,1.0,0.0,0.0,1.0,0.0,967.0,92.3352727272727,0.0,967.0,55.8859975216853,16.5460186142709,32.0,3.5234375,8.0,40.0375795976644,18772.9521494894,290.685,321.22
D5 parejo,5,5,Tiki taka,Juego directo,77204,true,1.0,1.0,0.0,5.0,51.2087912087912,47.0,18.0,63.0,3.0,0.0,0.0,2.0,0.0,990.0,92.2010909090909,0.0,990.0,56.0398505603985,18.8888888888889,35.0,3.21428571428571,7.0,38.5499984756002,18541.5436711376,291.26,320.633
D5 parejo,5,5,Tiki taka,Juego directo,77217,true,4.0,4.0,0.0,5.0,49.9054820415879,43.0,23.0,60.0,1.0,0.0,1.0,0.0,0.0,1049.0,86.3952727272727,0.0,1049.0,67.4358974358974,25.6434699714013,37.0,3.55405405405405,9.0,39.3073694114102,14081.351779584,294.622,326.814
D5 parejo,5,5,Tiki taka,Juego directo,77230,true,2.0,1.0,1.0,6.0,54.0772532188841,35.0,23.0,56.0,4.0,0.0,0.0,1.0,0.0,972.0,87.7469090909091,0.0,972.0,60.3133159268929,21.1934156378601,41.0,2.81707317073171,9.0,39.3397250748107,16862.3622859033,274.097,301.004
D5 parejo,5,5,Tiki taka,Juego directo,77243,true,4.0,2.0,2.0,8.0,44.4759206798867,41.0,13.0,55.0,5.0,1.0,1.0,2.0,1.0,1019.0,89.4454545454546,0.0,1019.0,53.9412673879444,36.5063788027478,26.0,3.35576923076923,8.0,37.279800425156,12825.3414404513,242.855,271.217
D5 parejo,5,5,Presion alta,Contragolpe,77100,true,3.0,3.0,0.0,8.0,58.2781456953642,46.0,18.0,57.0,3.0,1.0,0.0,0.0,0.0,960.0,90.4403636363636,0.0,960.0,59.8666666666667,21.875,27.0,4.15740740740741,5.0,42.532647852187,16612.5820434409,258.396,287.068
D5 parejo,5,5,Presion alta,Contragolpe,77113,true,2.0,0.0,2.0,4.0,42.9175475687104,36.0,29.0,53.0,5.0,1.0,0.0,4.0,0.0,997.0,88.4210909090909,0.0,997.0,63.1081081081081,25.777331995988,40.0,2.91875,10.0,41.1029306630549,15509.0458524168,265.184,296.585
D5 parejo,5,5,Presion alta,Contragolpe,77126,true,2.0,1.0,1.0,7.0,50.7575757575758,44.0,25.0,56.0,0.0,0.0,0.0,0.0,0.0,1007.0,88.7810909090909,0.0,1007.0,60.5293440736479,13.7040714995035,37.0,3.55405405405405,7.0,42.4635445408958,19141.4916920275,309.054,351.32
D5 parejo,5,5,Presion alta,Contragolpe,77139,true,1.0,0.0,1.0,6.0,51.8930957683742,36.0,19.0,49.0,6.0,0.0,0.0,3.0,0.0,997.0,86.9352727272727,0.0,997.0,59.9455040871935,26.3791374122367,35.0,3.14285714285714,8.0,37.073605397314,15947.9580425243,276.577,300.387
D5 parejo,5,5,Presion alta,Contragolpe,77152,true,2.0,2.0,0.0,9.0,52.0,42.0,22.0,60.0,0.0,0.0,0.0,0.0,0.0,967.0,89.0036363636364,0.0,967.0,60.9547123623011,15.511892450879,38.0,3.27631578947368,7.0,37.0987063678782,18564.293423869,284.267,312.068
D5 parejo,5,5,Presion alta,Contragolpe,77165,true,3.0,0.0,3.0,7.0,47.5446428571429,44.0,19.0,58.0,2.0,0.0,0.0,1.0,0.0,963.0,89.3898181818182,0.0,963.0,56.4331210191083,18.4839044652129,32.0,3.4609375,5.0,40.5752515163948,17676.8358191374,278.608,307.588
D5 parejo,5,5,Presion alta,Contragolpe,77178,true,0.0,0.0,0.0,3.0,63.4433962264151,38.0,17.0,51.0,6.0,0.0,0.0,3.0,0.0,989.0,89.4945454545455,0.0,989.0,55.4376657824934,23.7613751263903,27.0,3.87037037037037,4.0,39.5003847326679,17414.7299997055,275.307,303.682
D5 parejo,5,5,Presion alta,Contragolpe,77191,true,2.0,2.0,0.0,8.0,55.4272517321016,42.0,15.0,51.0,2.0,0.0,0.0,2.0,0.0,965.0,92.2174545454545,0.0,965.0,56.4705882352941,20.7253886010363,27.0,4.0,6.0,42.4206332400683,18019.6555416425,268.478,296.689
D5 parejo,5,5,Presion alta,Contragolpe,77204,true,3.0,3.0,0.0,7.0,40.7657657657658,44.0,20.0,57.0,4.0,0.0,0.0,1.0,0.0,989.0,90.9214545454545,0.0,989.0,57.516339869281,22.6491405460061,38.0,2.89473684210526,12.0,38.6179481886144,17055.8087933782,271.045,301.725
D5 parejo,5,5,Presion alta,Contragolpe,77217,true,5.0,5.0,0.0,6.0,57.684630738523,34.0,21.0,53.0,2.0,0.0,0.0,1.0,0.0,1007.0,86.4901818181818,0.0,1007.0,63.5549872122762,22.343594836147,33.0,3.76515151515152,6.0,38.7259297822858,15487.6614046935,285.462,318.113
D5 parejo,5,5,Presion alta,Contragolpe,77230,true,2.0,1.0,1.0,7.0,59.8591549295775,44.0,7.0,49.0,3.0,0.0,0.0,2.0,0.0,968.0,88.1167272727273,0.0,968.0,55.2631578947368,21.4876033057851,21.0,5.0,2.0,43.2563721829055,17046.374371423,255.219,288.573
D5 parejo,5,5,Presion alta,Contragolpe,77243,true,4.0,1.0,3.0,10.0,45.3763440860215,39.0,18.0,53.0,1.0,0.0,0.0,1.0,0.0,1012.0,88.8236363636364,0.0,1012.0,57.1782178217822,20.1581027667984,34.0,3.39705882352941,8.0,38.4353247379016,16755.7741447852,293.227,322.527
D5 favorito,5,8,Tiki taka,Juego directo,77100,true,3.0,3.0,0.0,10.0,57.1428571428571,53.0,26.0,67.0,4.0,0.0,0.0,0.0,0.0,1054.0,88.156,0.0,1054.0,60.863697705803,29.696394686907,43.0,2.62209302325581,14.0,41.6330723066937,15952.9310025628,267.474,298.012
D5 favorito,5,8,Tiki taka,Juego directo,77113,true,2.0,2.0,0.0,11.0,60.5058365758755,57.0,21.0,72.0,2.0,0.0,0.0,2.0,0.0,1008.0,87.0825454545455,0.0,1008.0,61.3173652694611,17.1626984126984,40.0,3.2,14.0,41.617466970374,17953.1411874117,283.282,319.249
D5 favorito,5,8,Tiki taka,Juego directo,77126,true,3.0,3.0,0.0,11.0,44.2,40.0,32.0,53.0,3.0,0.0,0.0,2.0,0.0,1011.0,82.7363636363636,0.0,1011.0,63.9896373056995,23.6399604352127,51.0,2.42156862745098,20.0,40.876028177287,14578.9084659801,284.481,313.65
D5 favorito,5,8,Tiki taka,Juego directo,77139,true,5.0,5.0,0.0,12.0,63.7647058823529,47.0,25.0,63.0,3.0,0.0,0.0,2.0,0.0,1003.0,84.7654545454545,0.0,1003.0,58.6834733893557,28.8135593220339,36.0,2.90972222222222,15.0,35.6323113227141,14225.693263549,260.941,290.726
D5 favorito,5,8,Tiki taka,Juego directo,77152,true,3.0,3.0,0.0,7.0,47.8701825557809,49.0,29.0,71.0,1.0,0.0,0.0,1.0,0.0,1012.0,87.1578181818182,0.0,1012.0,61.4805520702635,21.2450592885376,43.0,2.84883720930233,9.0,36.900934806717,16593.3281276375,294.285,321.621
D5 favorito,5,8,Tiki taka,Juego directo,77165,true,1.0,1.0,0.0,6.0,51.8828451882845,50.0,29.0,75.0,4.0,0.0,0.0,1.0,0.0,1002.0,88.6567272727273,0.0,1002.0,59.6733668341709,20.5588822355289,40.0,2.96875,8.0,38.3460084586577,14960.0501665608,296.136,328.52
D5 favorito,5,8,Tiki taka,Juego directo,77178,true,3.0,3.0,0.0,8.0,51.7777777777778,41.0,26.0,58.0,2.0,0.0,0.0,2.0,0.0,1000.0,87.8385454545455,0.0,1000.0,58.7385019710907,23.9,41.0,2.72560975609756,10.0,37.3495220684298,16195.5140245169,279.873,312.48
D5 favorito,5,8,Tiki taka,Juego directo,77191,true,5.0,5.0,0.0,10.0,59.4405594405594,54.0,19.0,71.0,1.0,0.0,1.0,1.0,0.0,981.0,89.9985454545454,0.0,981.0,55.9789750328515,22.4260958205912,33.0,3.22727272727273,10.0,41.450555287115,16760.3926757673,279.294,308.097
D5 favorito,5,8,Tiki taka,Juego directo,77204,true,6.0,6.0,0.0,10.0,63.9810426540284,48.0,18.0,65.0,2.0,0.0,0.0,0.0,0.0,998.0,88.2607272727273,0.0,998.0,58.3565459610028,28.0561122244489,35.0,2.99285714285714,8.0,37.7519775857718,16024.6743085823,275.96,303.322
D5 favorito,5,8,Tiki taka,Juego directo,77217,true,6.0,6.0,0.0,10.0,65.4205607476636,50.0,22.0,65.0,2.0,0.0,1.0,2.0,0.0,1010.0,87.5996363636364,0.0,1010.0,61.3832853025937,31.2871287128713,31.0,3.43548387096774,8.0,37.5041873376624,12776.0407776177,324.458,422.592
D5 favorito,5,8,Tiki taka,Juego directo,77230,true,4.0,4.0,0.0,7.0,61.3186813186813,44.0,14.0,52.0,5.0,0.0,0.0,2.0,0.0,1009.0,84.5003636363636,0.0,1009.0,61.5068493150685,27.6511397423191,25.0,4.49,3.0,40.6605105727922,16625.4992380678,394.759,296.313
D5 favorito,5,8,Tiki taka,Juego directo,77243,true,4.0,4.0,0.0,12.0,51.063829787234,53.0,19.0,63.0,2.0,0.0,0.0,1.0,0.0,1007.0,83.2207272727273,0.0,1007.0,63.0581867388363,26.6137040714995,39.0,2.98717948717949,14.0,40.0966467490654,13438.3290768101,277.196,308.287
D5 favorito,5,8,Presion alta,Contragolpe,77100,true,6.0,6.0,0.0,11.0,55.1963048498845,35.0,20.0,47.0,1.0,0.0,0.0,0.0,0.0,1060.0,86.428,0.0,1060.0,60.8757062146893,33.2075471698113,32.0,3.3671875,7.0,42.0184644075662,14934.8427358798,253.554,285.367
D5 favorito,5,8,Presion alta,Contragolpe,77113,true,7.0,7.0,0.0,13.0,56.1307901907357,36.0,14.0,45.0,3.0,0.0,0.0,3.0,0.0,963.0,87.5538181818182,0.0,963.0,58.4814216478191,35.7217030114226,29.0,3.12068965517241,11.0,40.2172617598641,13354.0522353339,217.595,247.605
D5 favorito,5,8,Presion alta,Contragolpe,77126,true,5.0,5.0,0.0,13.0,58.1395348837209,32.0,24.0,41.0,5.0,1.0,0.0,3.0,0.0,1028.0,86.1694545454546,0.0,1028.0,63.0177514792899,34.2412451361868,37.0,2.87837837837838,15.0,39.0628645387602,13222.2169000789,253.435,285.405
D5 favorito,5,8,Presion alta,Contragolpe,77139,true,3.0,3.0,0.0,7.0,57.1205007824726,27.0,36.0,41.0,3.0,0.0,0.0,3.0,1.0,983.0,78.76,0.0,983.0,78.3251231527094,17.3957273652085,48.0,3.3125,15.0,36.7235055505327,14168.0740047447,295.632,324.703
D5 favorito,5,8,Presion alta,Contragolpe,77152,true,5.0,4.0,1.0,12.0,54.5638945233266,33.0,31.0,48.0,4.0,0.0,0.0,4.0,0.0,1030.0,82.8116363636364,0.0,1030.0,69.3069306930693,31.3592233009709,43.0,2.84883720930233,15.0,35.6225702033739,15628.2748245087,277.851,304.456
D5 favorito,5,8,Presion alta,Contragolpe,77165,true,1.0,1.0,0.0,7.0,50.7829977628635,40.0,22.0,58.0,4.0,0.0,0.0,1.0,0.0,1010.0,89.7596363636364,0.0,1010.0,59.2790387182911,25.8415841584158,31.0,3.58064516129032,8.0,40.215033893478,14981.2177881354,268.991,299.443
D5 favorito,5,8,Presion alta,Contragolpe,77178,true,4.0,4.0,0.0,6.0,61.2068965517241,36.0,22.0,53.0,5.0,0.0,0.0,4.0,1.0,995.0,86.68,0.0,995.0,62.0923913043478,26.0301507537688,33.0,3.46212121212121,9.0,39.5493825244276,16083.0877221789,271.853,303.144
D5 favorito,5,8,Presion alta,Contragolpe,77191,true,4.0,4.0,0.0,9.0,50.5592841163311,47.0,19.0,63.0,2.0,0.0,0.0,0.0,0.0,1010.0,90.0443636363636,0.0,1010.0,57.2164948453608,23.1683168316832,33.0,3.36363636363636,10.0,42.8702761927458,17031.1075126846,270.977,308.347
D5 favorito,5,8,Presion alta,Contragolpe,77204,true,4.0,4.0,0.0,6.0,54.5816733067729,30.0,32.0,43.0,5.0,0.0,0.0,1.0,0.0,1009.0,86.1170909090909,0.0,1009.0,68.5082872928177,28.2457879088206,42.0,2.95238095238095,15.0,39.1760923353422,14583.076565625,281.755,309.409
D5 favorito,5,8,Presion alta,Contragolpe,77217,true,8.0,8.0,0.0,8.0,70.2355460385439,36.0,18.0,48.0,2.0,1.0,0.0,0.0,0.0,1003.0,85.9436363636364,0.0,1003.0,66.0968660968661,30.0099700897308,33.0,3.51515151515152,6.0,36.2659027666886,13232.3831482944,270.377,299.522
D5 favorito,5,8,Presion alta,Contragolpe,77230,true,2.0,2.0,0.0,7.0,58.4440227703985,26.0,32.0,48.0,5.0,0.0,0.0,3.0,0.0,1001.0,82.7363636363636,0.0,1001.0,69.1390728476821,24.5754245754246,41.0,3.18292682926829,14.0,40.4016059356384,14913.7058428603,267.986,299.128
D5 favorito,5,8,Presion alta,Contragolpe,77243,true,5.0,5.0,0.0,7.0,61.2009237875289,31.0,22.0,46.0,3.0,1.0,0.0,2.0,0.0,1050.0,85.4527272727273,0.0,1050.0,61.2625538020086,33.6190476190476,35.0,3.05,12.0,39.711956721279,13642.421384265,271.469,306.298
D10 parejo,10,10,Tiki taka,Juego directo,77100,true,0.0,0.0,0.0,6.0,61.1615245009074,50.0,28.0,65.0,1.0,0.0,0.0,1.0,0.0,967.0,83.8229090909091,0.0,967.0,65.2329749103943,13.4436401240951,42.0,3.25,16.0,42.8099334226018,14443.7372378663,285.01,312.129
D10 parejo,10,10,Tiki taka,Juego directo,77113,true,1.0,1.0,0.0,5.0,47.5471698113208,47.0,23.0,57.0,2.0,0.0,0.0,2.0,0.0,1014.0,85.3676363636364,0.0,1014.0,64.1025641025641,19.2307692307692,38.0,3.45394736842105,10.0,41.4552319244113,15287.0099968683,273.096,302.323
D10 parejo,10,10,Tiki taka,Juego directo,77126,true,3.0,0.0,3.0,4.0,53.740157480315,49.0,29.0,69.0,3.0,1.0,0.0,1.0,0.0,1007.0,84.3236363636364,0.0,1007.0,64.819587628866,22.9394240317776,43.0,2.92441860465116,12.0,40.2497721066868,13174.2469431495,289.907,319.936
D10 parejo,10,10,Tiki taka,Juego directo,77139,true,2.0,1.0,1.0,7.0,46.3414634146341,43.0,21.0,57.0,3.0,0.0,0.0,1.0,0.0,962.0,82.5170909090909,0.0,962.0,62.987012987013,19.95841995842,37.0,3.27702702702703,11.0,36.6336013048839,13350.6218168097,270.807,298.899
D10 parejo,10,10,Tiki taka,Juego directo,77152,true,2.0,1.0,1.0,7.0,47.0588235294118,52.0,18.0,61.0,2.0,0.0,0.0,2.0,0.0,960.0,82.8672727272727,0.0,960.0,64.5408163265306,18.3333333333333,33.0,3.83333333333333,7.0,36.5117944029819,15611.7572176766,275.268,304.806
D10 parejo,10,10,Tiki taka,Juego directo,77165,true,2.0,2.0,0.0,9.0,59.0062111801242,48.0,27.0,69.0,5.0,0.0,0.0,3.0,1.0,1029.0,86.7258181818182,0.0,1029.0,63.8184245660881,27.2108843537415,39.0,3.06410256410256,14.0,37.0728638417489,12388.3267772591,273.835,305.094
D10 parejo,10,10,Tiki taka,Juego directo,77178,true,1.0,0.0,1.0,6.0,42.0849420849421,39.0,30.0,60.0,2.0,0.0,0.0,1.0,0.0,1000.0,83.2534545454545,0.0,1000.0,64.2857142857143,20.2,44.0,2.91477272727273,12.0,37.9581365814896,14100.0320351797,292.325,321.266
D10 parejo,10,10,Tiki taka,Juego directo,77191,true,2.0,2.0,0.0,7.0,62.582056892779,46.0,18.0,62.0,2.0,0.0,1.0,0.0,0.0,1067.0,86.0090909090909,0.0,1067.0,58.3441138421734,27.5538894095595,36.0,3.13194444444444,12.0,39.7162669524716,14731.0807218988,285.347,323.361
D10 parejo,10,10,Tiki taka,Juego directo,77204,true,3.0,2.0,1.0,7.0,43.3628318584071,43.0,20.0,56.0,5.0,1.0,0.0,3.0,0.0,1004.0,84.6574545454545,0.0,1004.0,62.2036262203626,28.5856573705179,33.0,3.37878787878788,9.0,36.226336808594,13947.9722967319,270.19,299.377
D10 parejo,10,10,Tiki taka,Juego directo,77217,true,0.0,0.0,0.0,6.0,50.6896551724138,50.0,25.0,64.0,1.0,0.0,0.0,0.0,0.0,1047.0,87.1610909090909,0.0,1047.0,66.9767441860465,17.8605539637058,41.0,3.51219512195122,8.0,41.875501441475,13974.1726634996,301.157,332.837
D10 parejo,10,10,Tiki taka,Juego directo,77230,true,3.0,3.0,0.0,7.0,59.051724137931,40.0,24.0,57.0,4.0,1.0,0.0,3.0,0.0,1032.0,78.2036363636364,0.0,1032.0,61.507402422611,28.0038759689922,35.0,3.26428571428571,12.0,37.8475261974713,13217.2711822941,265.061,294.131
D10 parejo,10,10,Tiki taka,Juego directo,77243,true,0.0,0.0,0.0,9.0,49.2813141683778,52.0,17.0,61.0,2.0,0.0,0.0,0.0,0.0,1004.0,83.3745454545455,0.0,1004.0,59.0464547677262,18.5258964143426,32.0,3.7734375,9.0,36.3376685729581,14162.5594143163,287.446,338.373
D10 parejo,10,10,Presion alta,Contragolpe,77100,true,1.0,1.0,0.0,7.0,51.7006802721088,31.0,21.0,46.0,5.0,0.0,0.0,1.0,0.0,1025.0,82.1603636363636,0.0,1025.0,61.0955056179775,30.5365853658537,29.0,3.75,6.0,39.7031442142104,13916.3311542285,253.431,302.591
D10 parejo,10,10,Presion alta,Contragolpe,77113,true,3.0,1.0,2.0,5.0,47.4708171206226,40.0,20.0,49.0,2.0,0.0,0.0,1.0,0.0,1016.0,82.9458181818182,0.0,1016.0,64.5489199491741,22.5393700787402,36.0,3.52777777777778,8.0,41.5190842947309,14643.7552751573,275.252,308.227
D10 parejo,10,10,Presion alta,Contragolpe,77126,true,1.0,0.0,1.0,9.0,48.6381322957198,32.0,26.0,43.0,4.0,0.0,0.0,3.0,0.0,1058.0,82.5596363636364,0.0,1058.0,66.1458333333333,27.4102079395085,41.0,3.09756097560976,14.0,40.7946706754229,13226.6103899971,281.216,315.658
D10 parejo,10,10,Presion alta,Contragolpe,77139,true,2.0,2.0,0.0,8.0,55.7251908396947,37.0,27.0,45.0,5.0,1.0,0.0,4.0,1.0,1063.0,79.7909090909091,0.0,1063.0,69.1275167785235,29.9153339604892,40.0,3.21875,14.0,37.0623102942656,11873.5447500966,274.978,312.895
D10 parejo,10,10,Presion alta,Contragolpe,77152,true,4.0,2.0,2.0,9.0,47.1698113207547,33.0,31.0,47.0,3.0,0.0,0.0,2.0,0.0,1050.0,80.8021818181818,0.0,1050.0,65.7821229050279,31.8095238095238,43.0,2.73837209302326,11.0,36.2968386118627,13152.8341399126,271.06,302.402
D10 parejo,10,10,Presion alta,Contragolpe,77165,true,3.0,0.0,3.0,9.0,48.1835564053537,38.0,31.0,51.0,6.0,0.0,0.0,2.0,0.0,1063.0,81.9149090909091,0.0,1063.0,70.8618331053352,31.2323612417686,43.0,3.01162790697674,14.0,39.2068134874436,11976.4102777376,282.908,316.331
D10 parejo,10,10,Presion alta,Contragolpe,77178,true,1.0,1.0,0.0,5.0,59.0062111801242,34.0,22.0,46.0,5.0,0.0,0.0,2.0,0.0,1013.0,82.9850909090909,0.0,1013.0,65.9751037344398,28.6278381046397,33.0,3.61363636363636,8.0,39.4240093836402,12848.8964970708,272.5,301.709
D10 parejo,10,10,Presion alta,Contragolpe,77191,true,3.0,3.0,0.0,9.0,59.3090211132438,46.0,24.0,56.0,0.0,0.0,0.0,0.0,0.0,1011.0,82.0883636363636,0.0,1011.0,64.320987654321,19.8813056379822,31.0,4.20161290322581,14.0,39.2906336624864,15210.723650299,284.435,313.22
D10 parejo,10,10,Presion alta,Contragolpe,77204,true,1.0,1.0,0.0,4.0,46.5076660988075,32.0,33.0,39.0,5.0,1.0,0.0,2.0,0.0,1008.0,80.9854545454545,0.0,1008.0,73.4848484848485,21.4285714285714,42.0,3.46428571428571,14.0,38.2440129586627,14280.0617167399,293.358,325.493
D10 parejo,10,10,Presion alta,Contragolpe,77217,true,1.0,1.0,0.0,7.0,61.319073083779,41.0,18.0,49.0,4.0,0.0,0.0,1.0,0.0,1072.0,81.6203636363636,0.0,1072.0,68.557336621455,24.3470149253731,28.0,4.96428571428571,5.0,38.2993997145766,13759.578404822,290.186,325.017
D10 parejo,10,10,Presion alta,Contragolpe,77230,true,3.0,3.0,0.0,3.0,60.3231597845601,35.0,24.0,47.0,6.0,1.0,0.0,3.0,0.0,1008.0,79.5650909090909,0.0,1008.0,73.9597315436242,26.0912698412698,30.0,4.59166666666667,7.0,41.6981167805276,12980.3259789222,269.354,299.514
D10 parejo,10,10,Presion alta,Contragolpe,77243,true,1.0,1.0,0.0,8.0,58.6723768736617,35.0,18.0,51.0,5.0,0.0,0.0,0.0,0.0,976.0,85.1189090909091,0.0,976.0,62.9427792915531,24.7950819672131,28.0,4.125,6.0,38.5291648455835,12944.104420819,258.343,295.679
D10 tapado,10,7,Tiki taka,Juego directo,77100,true,1.0,0.0,1.0,8.0,45.6331877729258,40.0,26.0,58.0,2.0,0.0,1.0,0.0,0.0,961.0,87.22,0.0,961.0,61.8403247631935,23.1009365244537,38.0,3.00657894736842,12.0,38.6175533373607,14757.8727472125,263.201,290.331
D10 tapado,10,7,Tiki taka,Juego directo,77113,true,2.0,0.0,2.0,7.0,43.8923395445135,40.0,24.0,57.0,1.0,0.0,0.0,1.0,0.0,960.0,86.7192727272727,0.0,960.0,62.0466321243523,19.5833333333333,37.0,3.23648648648649,8.0,38.2893903809232,15949.8378761049,269.495,301.039
D10 tapado,10,7,Tiki taka,Juego directo,77126,true,5.0,0.0,5.0,8.0,44.3496801705757,45.0,21.0,66.0,4.0,0.0,0.0,2.0,0.0,1015.0,86.0090909090909,0.0,1015.0,61.6201859229748,25.8128078817734,36.0,3.22222222222222,9.0,40.1347624766266,13969.5273029691,279.941,313.367
D10 tapado,10,7,Tiki taka,Juego directo,77139,true,1.0,0.0,1.0,10.0,38.8535031847134,47.0,18.0,62.0,1.0,0.0,0.0,1.0,0.0,998.0,85.9436363636364,0.0,998.0,60.594315245478,22.4448897795591,28.0,4.1875,6.0,33.6700522630319,15134.2636304466,277.382,308.428
D10 tapado,10,7,Tiki taka,Juego directo,77152,true,2.0,1.0,1.0,8.0,43.7974683544304,34.0,26.0,56.0,3.0,0.0,1.0,1.0,0.0,989.0,89.7236363636364,0.0,989.0,54.3689320388349,27.098078867543,36.0,2.72222222222222,13.0,30.6457160892326,15002.1560633823,260.405,291.124
D10 tapado,10,7,Tiki taka,Juego directo,77165,true,6.0,0.0,6.0,11.0,42.92343387471,41.0,24.0,62.0,3.0,0.0,0.0,1.0,0.0,1020.0,89.5763636363636,0.0,1020.0,61.1111111111111,31.1764705882353,36.0,2.97916666666667,9.0,38.5276548482344,13826.9721063454,269.235,299.813
D10 tapado,10,7,Tiki taka,Juego directo,77178,true,6.0,0.0,6.0,9.0,46.8468468468468,41.0,24.0,55.0,2.0,0.0,0.0,1.0,0.0,1035.0,84.4185454545455,0.0,1035.0,61.7977528089888,31.207729468599,38.0,2.89473684210526,6.0,37.026038102958,12498.426327854,273.673,307.571
D10 tapado,10,7,Tiki taka,Juego directo,77191,true,1.0,1.0,0.0,6.0,55.6586270871985,57.0,21.0,67.0,3.0,0.0,0.0,3.0,1.0,992.0,86.068,0.0,992.0,62.4270711785298,13.6088709677419,34.0,3.93382352941176,8.0,42.5741124658477,16874.0724615271,285.977,319.27
D10 tapado,10,7,Tiki taka,Juego directo,77204,true,3.0,0.0,3.0,6.0,51.3565891472868,45.0,29.0,59.0,2.0,0.0,0.0,1.0,0.0,1034.0,83.4956363636364,0.0,1034.0,65.7289002557545,24.3713733075435,40.0,3.2125,8.0,39.5443419548628,14514.4739145367,299.74,332.018
D10 tapado,10,7,Tiki taka,Juego directo,77217,true,3.0,0.0,3.0,8.0,48.7654320987654,50.0,15.0,65.0,2.0,0.0,0.0,2.0,0.0,1029.0,84.9225454545455,0.0,1029.0,60.5263157894737,22.4489795918367,32.0,3.7734375,8.0,39.8627006984748,14611.95127058,281.08,310.881
D10 tapado,10,7,Tiki taka,Juego directo,77230,true,1.0,0.0,1.0,5.0,56.0157790927022,40.0,20.0,55.0,1.0,0.0,1.0,1.0,0.0,960.0,83.4956363636364,0.0,960.0,63.9949109414758,18.125,35.0,3.59285714285714,7.0,41.1918061651305,15081.6693511086,268.172,299.453
D10 tapado,10,7,Tiki taka,Juego directo,77243,true,2.0,0.0,2.0,11.0,38.5964912280702,39.0,14.0,53.0,1.0,0.0,2.0,0.0,0.0,962.0,86.0418181818182,0.0,962.0,55.4775280898876,25.987525987526,35.0,2.82142857142857,9.0,36.0796261328952,13565.6897614953,249.526,280.748
D10 tapado,10,7,Presion alta,Contragolpe,77100,true,3.0,0.0,3.0,5.0,43.2432432432432,37.0,27.0,56.0,4.0,0.0,0.0,0.0,0.0,1097.0,83.2370909090909,0.0,1097.0,63.9650872817955,26.8915223336372,38.0,3.375,9.0,39.9160320899079,14471.8382273282,291.559,325.907
D10 tapado,10,7,Presion alta,Contragolpe,77113,true,2.0,0.0,2.0,5.0,43.6734693877551,32.0,25.0,45.0,3.0,0.0,0.0,2.0,1.0,985.0,83.5218181818182,0.0,985.0,61.4012738853503,20.3045685279188,38.0,3.17105263157895,9.0,39.6698869055568,15357.9848291576,258.006,287.485
D10 tapado,10,7,Presion alta,Contragolpe,77126,true,2.0,0.0,2.0,8.0,46.5804066543438,39.0,29.0,52.0,1.0,0.0,0.0,0.0,0.0,1012.0,81.2309090909091,0.0,1012.0,65.0544135429262,18.2806324110672,44.0,3.05681818181818,13.0,41.6548636172987,14700.1135853639,294.3,327.476
D10 tapado,10,7,Presion alta,Contragolpe,77139,true,4.0,0.0,4.0,6.0,40.702479338843,27.0,23.0,38.0,5.0,0.0,0.0,2.0,0.0,997.0,81.82,0.0,997.0,70.6231454005935,32.3971915747242,36.0,3.30555555555556,6.0,34.6392276526444,12375.4094801966,259.41,290.206
D10 tapado,10,7,Presion alta,Contragolpe,77152,true,2.0,0.0,2.0,9.0,41.1764705882353,31.0,23.0,50.0,3.0,1.0,0.0,2.0,0.0,964.0,85.8945454545455,0.0,964.0,60.3851444291609,24.5850622406639,33.0,3.32575757575758,10.0,34.7672742582001,15466.482308068,259.775,291.748
D10 tapado,10,7,Presion alta,Contragolpe,77165,true,7.0,0.0,7.0,12.0,43.9429928741093,32.0,25.0,49.0,4.0,0.0,0.0,1.0,0.0,1003.0,85.096,0.0,1003.0,65.5660377358491,36.5902293120638,38.0,2.74342105263158,14.0,36.6558286243295,11808.1405288348,252.995,283.208
D10 tapado,10,7,Presion alta,Contragolpe,77178,true,2.0,0.0,2.0,4.0,52.8455284552846,32.0,29.0,47.0,5.0,0.0,0.0,2.0,0.0,1061.0,82.0130909090909,0.0,1061.0,65.8536585365854,30.4429783223374,43.0,2.82558139534884,11.0,38.3104368688383,13566.8603132118,280.076,313.027
D10 tapado,10,7,Presion alta,Contragolpe,77191,true,1.0,0.0,1.0,4.0,47.9846449136276,41.0,26.0,54.0,5.0,0.0,0.0,2.0,0.0,966.0,82.6905454545454,0.0,966.0,65.5612244897959,18.8405797101449,39.0,3.29487179487179,8.0,43.6884738844174,15861.1950415065,281.484,310.806
D10 tapado,10,7,Presion alta,Contragolpe,77204,true,3.0,0.0,3.0,10.0,44.238683127572,37.0,26.0,45.0,3.0,0.0,0.0,3.0,1.0,1084.0,80.5501818181818,0.0,1084.0,64.7849462365591,31.3653136531365,40.0,3.0125,9.0,37.69814489736,13930.8374214955,267.891,298.864
D10 tapado,10,7,Presion alta,Contragolpe,77217,true,4.0,1.0,3.0,8.0,55.5343511450382,40.0,24.0,46.0,3.0,0.0,0.0,0.0,0.0,1010.0,80.9101818181818,0.0,1010.0,69.6644295302013,26.2376237623762,41.0,3.16463414634146,10.0,40.3750279292544,12809.4960510152,264.993,299.426
D10 tapado,10,7,Presion alta,Contragolpe,77230,true,2.0,0.0,2.0,9.0,48.0544747081712,33.0,23.0,42.0,3.0,0.0,0.0,1.0,0.0,1033.0,79.4832727272727,0.0,1033.0,68.6991869918699,28.5575992255566,40.0,3.16875,12.0,42.897027946075,13466.9335798595,263.762,295.512
D10 tapado,10,7,Presion alta,Contragolpe,77243,true,2.0,0.0,2.0,9.0,41.019955654102,41.0,16.0,53.0,1.0,0.0,0.0,1.0,0.0,1048.0,82.8803636363636,0.0,1048.0,57.4742268041237,25.9541984732824,28.0,3.98214285714286,4.0,37.3615135955353,13188.4270624835,278.698,309.46
